"genbank.full","State","country","lineage","var","date","year","accession"
"PRRSV2/CAN/vivid.2724/2016/L1H/1H.36","CAN","CAN","1H","1H.36.52",16853,2016,NA
"PRRSV2/CAN/vivid.2571/2015/L1H/1H.36","CAN","CAN","1H","1H.36.52",16777,2015,NA
"PRRSV2/CAN/vivid.2574/2015/L1H/1H.36","CAN","CAN","1H","1H.36.52",16777,2015,NA
"PRRSV2/USA/IA/vivid.80125/2025/L1H/1H.48","IA","USA","1H","1H.48",20159,2025,NA
"PRRSV2/USA/IA/vivid.79395/2025/L1C/1C.5.36","IA","USA","1C","1C.5.36",20097,2025,NA
"PRRSV2/vivid.79515/2025/L1B/1B.18",NA,"USA","1B","1B.18",20111,2025,NA
"PRRSV2/vivid.79514/2025/L1B/1B.18",NA,"USA","1B","1B.18",20111,2025,NA
"PRRSV2/vivid.79516/2025/L1B/1B.18",NA,"USA","1B","1B.18",20111,2025,NA
"PRRSV2/vivid.66185/2023/L1C/1C.3.25",NA,"USA","1C","1C.3.25",19706,2023,NA
"PRRSV2/vivid.61892/2023/L1C/1C.2.24",NA,"USA","1C","1C.2.24",19444,2023,NA
"PRRSV2/vivid.52538/2021/L1A/1A.43",NA,"USA","1A","1A.43",18961,2021,NA
"PRRSV2/vivid.TKBOIC/2020/L1A/1A.42",NA,"USA","1A","1A.42",18486,2020,NA
"PRRSV2/USA/IA/vivid.74818/2022/L1A/1A.32","IA","USA","1A","1A.32",19312,2022,NA
"PRRSV2/vivid.52771/2021/L1A/1A.32",NA,"USA","1A","1A.32",18872,2021,NA
"PRRSV2/vivid.AHTHKC/2020/L1H/1H.25",NA,"USA","1H","1H.25",18564,2020,NA
"PRRSV2/vivid.RHPEAI/2021/L1B/1B.17",NA,"USA","1B","1B.17",18673,2021,NA
"PRRSV2/vivid.KXPAPT/2021/L1B/1B.17",NA,"USA","1B","1B.17",18673,2021,NA
"PRRSV2/vivid.ZCVGXD/2021/L1B/1B.17",NA,"USA","1B","1B.17",18673,2021,NA
"PRRSV2/vivid.VBKYTL/2021/L1A/1A.24",NA,"USA","1A","1A.24",18705,2021,NA
"PRRSV2/vivid.MJGKEH/2018/L1H/1H.20",NA,"USA","1H","1H.20",17543,2018,NA
"PRRSV2/vivid.52066/2021/L1A/1A.13",NA,"USA","1A","1A.13",18864,2021,NA
"PRRSV2/vivid.HZFXGB/2021/L1A/1A.13",NA,"USA","1A","1A.13",18864,2021,NA
"PRRSV2/vivid.52224/2021/L1A/1A.13",NA,"USA","1A","1A.13",18901,2021,NA
"PRRSV2/vivid.IHZCOH/2018/L1A/1A.9",NA,"USA","1A","1A.9",17575,2018,NA
"PRRSV2/vivid.JZVJXS/2018/L1A/1A.9",NA,"USA","1A","1A.9",17578,2018,NA
"PRRSV2/vivid.OCTEWI/2018/L1C/1C.17",NA,"USA","1C","1C.17",17540,2018,NA
"PRRSV2/vivid.ZHVSWM/2018/L1C/1C.17",NA,"USA","1C","1C.17",17554,2018,NA
"PRRSV2/vivid.NEXUSE/2017/L1C/1C.15",NA,"USA","1C","1C.15",17512,2017,NA
"PRRSV2/vivid.GTEKTX/2017/L1C/1C.15",NA,"USA","1C","1C.15",17512,2017,NA
"PRRSV2/vivid.EVTXGM/2019/L1C/1C.15",NA,"USA","1C","1C.15",17928,2019,NA
"PRRSV2/vivid.ZCHKZR/2019/L1H/1H.6",NA,"USA","1H","1H.6",17990,2019,NA
"PRRSV2/vivid.HSEEJC/2017/L1E/1E.4",NA,"USA","1E","1E.4",17318,2017,NA
"PRRSV2/vivid.ESXXSA/2017/L1E/1E.4",NA,"USA","1E","1E.4",17389,2017,NA
"PRRSV2/vivid.CKHONZ/2020/L1B/1B.13",NA,"USA","1B","1B.13",18290,2020,NA
"PRRSV2/vivid.VGVAUB/2016/L1B/1B.12",NA,"USA","1B","1B.12",17137,2016,NA
"PRRSV2/USA/KS/vivid.60019/2022/L1H/1H.1","KS","USA","1H","1H.1",19306,2022,NA
"PRRSV2/vivid.CJAHFT/2017/L1C/1C.10",NA,"USA","1C","1C.10",17352,2017,NA
"PRRSV2/vivid.KQJKAW/2017/L1C/1C.10",NA,"USA","1C","1C.10",17184,2017,NA
"PRRSV2/vivid.CSMZGW/2016/L1C/1C.10",NA,"USA","1C","1C.10",17004,2016,NA
"PRRSV2/vivid.ISFYKN/2015/L1C/1C.7",NA,"USA","1C","1C.7",16735,2015,NA
"PRRSV2/USA/IA/vivid.57041/2022/L1C/1C.3","IA","USA","1C","1C.3",19115,2022,NA
"PRRSV2/vivid.FDGEQH/2016/L1C/1C.6",NA,"USA","1C","1C.6",17029,2016,NA
"PRRSV2/vivid.IPQOJQ/2016/L1C/1C.6",NA,"USA","1C","1C.6",17038,2016,NA
"PRRSV2/USA/OH/vivid.DXWENE/2019/L1C/1C.6","OH","USA","1C","1C.6",17982,2019,NA
"PRRSV2/vivid.YJIFDA/2017/L1B/1B.5",NA,"USA","1B","1B.5",17399,2017,NA
"PRRSV2/vivid.CGSVPA/2016/L1B/1B.2",NA,"USA","1B","1B.2",16812,2016,NA
"PRRSV2/vivid.MFGHLV/2017/L1B/1B.1",NA,"USA","1B","1B.1",17504,2017,NA
"IA|vivid.81034|2024","IA","USA","1C","1C.2.45",19906,2024,NA
"IA|vivid.81000|2024","IA","USA","1C","1C.2.45",19902,2024,NA
"PRRSV2/USA/IA/vivid.81138/2024","IA","USA","1C","1C.2.45",19920,2024,NA
"IA_vivid.85980_2025","IA","USA","1C","1C.2.45",20405,2025,NA
"IA|vivid.83204|2025","IA","USA","1C","1C.2.45",20228,2025,NA
"IA_vivid.85931_2025","IA","USA","1C","1C.2.45",20382,2025,NA
"IL_vivid.85875_2025","IL","USA","1C","1C.2.45",20425,2025,NA
"IL|vivid.80807|2024","IL","USA","1C","1C.2.45",19885,2024,NA
"PRRSV2/USA/IL/vivid.80852/2024","IL","USA","1C","1C.2.45",19892,2024,NA
"MN|vivid.84158|2025","MN","USA","1C","1C.2.45",20292,2025,NA
"OH_vivid.85329_2025","OH","USA","1C","1C.2.44",20398,2025,NA
"USA/OH/vivid.79730/2025","OH","USA","1C","1C.2.44",20137,2025,NA
"USA/OH/vivid.79336/2025","OH","USA","1C","1C.2.44",20096,2025,NA
"IN|vivid.82069|2025","IN","USA","1C","1C.2.44",20187,2025,NA
"IN|vivid.82674|2025","IN","USA","1C","1C.2.44",20210,2025,NA
"OH|vivid.82417|2025","OH","USA","1C","1C.2.44",20207,2025,NA
"IN|vivid.83577|2025","IN","USA","1C","1C.2.44",20256,2025,NA
"CAN/vivid.6264/2024","CAN","CAN","1H","1H.59",19961,2024,NA
"CAN_QC|vivid.d6321|2024","CAN_QC","CAN","1H","1H.59",20032,2024,NA
"CAN_QC|vivid.d6429|2025","CAN_QC","CAN","1H","1H.59",20104,2025,NA
"CAN_QC|vivid.d6682|2025","CAN_QC","CAN","1H","1H.59",20262,2025,NA
"CAN_QC_vivid.d6822_2026","CAN_QC","CAN","1H","1H.59",20461,2026,NA
"PRRSV2/USA/CO/vivid.79418/2025","CO","USA","1H","1H.11.56",20101,2025,"PV956411"
"PRRSV2/USA/CO/vivid.79419/2025","CO","USA","1H","1H.11.56",20101,2025,"PV957099"
"PRRSV2/USA/KS/vivid.79593/2025","KS","USA","1H","1H.11.56",20124,2025,"PV956548"
"PRRSV2/USA/KS/vivid.79591/2025","KS","USA","1H","1H.11.56",20124,2025,"PV957003"
"PRRSV2/USA/KS/vivid.79360/2025","KS","USA","1H","1H.11.56",20096,2025,"PV957110"
"PRRSV2/USA/KS/vivid.81130/2024","KS","USA","1H","1H.11.56",19916,2024,NA
"CAN_ON_vivid.d6874_2026","CAN_ON","CAN","1H","1H.55",20516,2026,NA
"IL_vivid.87989_2026","IL","USA","1A","1A.61",20536,2026,NA
"IL_vivid.87653_2026","IL","USA","1A","1A.61",20489,2026,NA
"USA/OK/vivid.79598/2025","OK","USA","undetermined","1A.58",20124,2025,NA
"TX|vivid.84537|2025","TX","USA","undetermined","1A.58",20343,2025,NA
"IN_vivid.86214_2025","IN","USA","1A","1A.54",20438,2025,NA
"IN_vivid.85788_2025","IN","USA","1A","1A.54",20425,2025,NA
"IA_vivid.86369_2025","IA","USA","1A","1A.54",20452,2025,NA
"IN_vivid.86507_2026","IN","USA","1A","1A.54",20459,2026,NA
"CAN_AB_vivid.d6835_2026","CAN_AB","CAN","1A","1A.53",20488,2026,NA
"CAN_AB_vivid.d6891_2026","CAN_AB","CAN","1A","1A.53",20501,2026,NA
"CAN_AB_vivid.d6894_2026","CAN_AB","CAN","1A","1A.53",20501,2026,NA
"CAN_AB_vivid.d6892_2026","CAN_AB","CAN","1A","1A.53",20501,2026,NA
"IA_vivid.87669_2026","IA","USA","undetermined","1F.1.2",20490,2026,NA
"IA_vivid.86899_2026","IA","USA","undetermined","1F.1.2",20479,2026,NA
"CAN_ON_vivid.d6856_2026","CAN_ON","CAN","1E","1E.10",20508,2026,NA
"PRRSV2/CAN/vivid.3298/2017/L1E/1E.10","CAN","CAN","1E","1E.10",17434,2017,NA
"CAN/vivid.4391/2020","CAN","CAN","1H","1H.36",18438,2020,NA
"PRRSV2/USA/IA/vivid.79997/2025","IA","USA","1C","1C.5.32",20144,2025,"PV957559"
"USA/MN/vivid.79939/2025","MN","USA","1C","1C.5.32",20102,2025,NA
"IL_vivid.87542_2026","IL","USA","1C","1C.5.32",20516,2026,NA
"MN_vivid.85153_2025","MN","USA","1C","1C.5.32",20384,2025,NA
"OK|vivid.83783|2025","OK","USA","1C","1C.5.32",20270,2025,NA
"IA_vivid.85829_2025","IA","USA","1C","1C.5.32",20425,2025,NA
"IA_vivid.86114_2025","IA","USA","1C","1C.5.32",20433,2025,NA
"IA|vivid.82891|2025","IA","USA","1A","1A.13.49",20231,2025,NA
"IA_vivid.87196_2026","IA","USA","1A","1A.13.49",20495,2026,NA
"MN|vivid.83177|2025","MN","USA","1A","1A.13.49",20222,2025,NA
"MN|vivid.84145|2025","MN","USA","1A","1A.13.49",20242,2025,NA
"IL_vivid.86444_2026","IL","USA","1A","1A.13.49",20458,2026,NA
"IA_vivid.85107_2025","IA","USA","1D","1D.2",20384,2025,NA
"IL|vivid.81493|2024","IL","USA","1D","1D.2",19965,2024,NA
"OK|vivid.81363|2024","OK","USA","1D","1D.2",19948,2024,NA
"IN_vivid.86747_2026","IN","USA","1D","1D.2",20468,2026,NA
"USA/NC/vivid.52280/2021","NC","USA","1A","1A.32",18912,2021,NA
"IA_vivid.86101_2025","IA","USA","1C","1C.2",20432,2025,NA
"PRRSV2/USA/KS/vivid.PFNAWE/2019","KS","USA","1C","1C.2",18214,2019,"PV958023"
"USA/vivid.79398/2025",NA,"USA","1C","1C.2",20098,2025,NA
"IA|vivid.83012|2025","IA","USA","1C","1C.2",20241,2025,NA
"|vivid.83239|2025","","USA","1C","1C.2",20236,2025,NA
"MN|vivid.83585|2025","MN","USA","1C","1C.2",20258,2025,NA
"IN_vivid.87027_2026","IN","USA","1C","1C.2",20483,2026,NA
"SD_vivid.87825_2026","SD","USA","1C","1C.2",20524,2026,NA
"PRRSV2/vivid.ZWZEBM/2018/L1C/1C.13",NA,"USA","1C","1C.13",17589,2018,NA
"PRRSV2/vivid.FFUHTE/2018/L1C/1C.13",NA,"USA","1C","1C.13",17563,2018,NA
"USA/WY/vivid.61448/2023","WY","USA","1C","1C.13",19419,2023,NA
"USA/vivid.r404/2008","CO","USA",NA,"8B.4",14014,2008,NA
"USA/vivid.r405/2008","CO","USA",NA,"8B.4",14014,2008,NA
"USA/vivid.r407/2008","CO","USA",NA,"8B.4",14014,2008,NA
"USA/vivid.r409/2008","CO","USA",NA,"8B.4",14014,2008,NA
"USA/vivid.r440/2014","MN","USA",NA,"1C.10",16205,2014,NA
"USSPD/PRRSV/swine/Illinois/85561/2021","IL","USA","1A","1A.48",18897,2021,NA
"USSPD/PRRSV/swine/Illinois/112874/2021","IL","USA","1A","1A.48",18988,2021,NA
"USSPD/PRRSV/swine/Iowa/84529/2021","IA","USA","1A","1A.47",18897,2021,NA
"CAN/vivid.6303/2024","CAN","CAN","1H","1H.47.61",20011,2024,NA
"PRRSV2/CAN/QC/vivid.d6531/2025","CAN_QC","CAN","1H","1H.47.61",20179,2025,NA
"CAN_QC|vivid.d6347|2024","CAN_QC","CAN","1H","1H.47.61",20046,2024,NA
"CAN_QC_vivid.d7006_2026","CAN_QC","CAN","1H","1H.47.61",20627,2026,NA
"PRRSV2/CAN/QC_vivid.d6766_2025","CAN_QC","CAN","1H","1H.47.61",20411,2025,NA
"IA_vivid.87315_2026","IA","USA","1A","1A.29.67",20502,2026,NA
"IA_vivid.88020_2026","IA","USA","1A","1A.29.67",20537,2026,NA
"MN_vivid.87875_2026","MN","USA","1A","1A.29.67",20528,2026,NA
"MN_vivid.88164_2026","MN","USA","1A","1A.29.67",20539,2026,NA
"IA_vivid.87986_2026","IA","USA","1A","1A.29.67",20535,2026,NA
"MN_vivid.88894_2026","MN","USA","1A","1A.29.67",20544,2026,NA
"IA|vivid.82623|2025","IA","USA","1A","1A.29.67",20215,2025,NA
"MEX_Puebla_vivid.m915_2024","MEX_Puebla","MEX","1B","1B.10.21",19977,2024,NA
"MEX_Puebla_vivid.m1032_2025","MEX_Puebla","MEX","1B","1B.10.21",20257,2025,NA
"MEX_Puebla_vivid.m985_2025","MEX_Puebla","MEX","1B","1B.10.21",20165,2025,NA
"MEX_Puebla_vivid.m920_2024","MEX_Puebla","MEX","1B","1B.10.21",20026,2024,NA
"MEX_Puebla_vivid.m1044_2025","MEX_Puebla","MEX","1B","1B.10.21",20231,2025,NA
"MEX_Veracruz_vivid.m733_2023","MEX_Veracruz","MEX","1B","1B.10.21",19485,2023,NA
"MEX_Puebla_vivid.m807_2024","MEX_Puebla","MEX","1B","1B.10.21",19758,2024,NA
"MEX_Puebla_vivid.m788_2023","MEX_Puebla","MEX","1B","1B.10.21",19717,2023,NA
"MEX_Puebla_vivid.m912_2024","MEX_Puebla","MEX","1B","1B.10.21",19969,2024,NA
"IL|vivid.80486|2024","IL","USA","1A","1A.2.65",19825,2024,NA
"IL|vivid.81085|2024","IL","USA","1A","1A.2.65",19912,2024,NA
"IL|vivid.80928|2024","IL","USA","1A","1A.2.65",19905,2024,NA
"IL|vivid.80963|2024","IL","USA","1A","1A.2.65",19898,2024,NA
"IL|vivid.80998|2024","IL","USA","1A","1A.2.65",19900,2024,NA
"IL|vivid.81083|2024","IL","USA","1A","1A.2.65",19912,2024,NA
"IL|vivid.81147|2024","IL","USA","1A","1A.2.65",19919,2024,NA
"IL|vivid.81292|2024","IL","USA","1A","1A.2.65",19941,2024,NA
"IL|vivid.81084|2024","IL","USA","1A","1A.2.65",19912,2024,NA
"IL|vivid.80574|2024","IL","USA","1A","1A.2.65",19846,2024,NA
"CAN_ON_vivid.d6736_2025","CAN_ON","CAN","1H","1H.60",20391,2025,NA
"CAN_ON|vivid.d6472|2025","CAN_ON","CAN","1H","1H.60",20151,2025,NA
"CAN_ON_vivid.d6962_2026","CAN_ON","CAN","1H","1H.60",20579,2026,NA
"CAN_ON_vivid.d6972_2026","CAN_ON","CAN","1H","1H.60",20579,2026,NA
"CAN_ON_vivid.d6981_2026","CAN_ON","CAN","1H","1H.60",20579,2026,NA
"CAN_ON_vivid.d6828_2026","CAN_ON","CAN","1H","1H.60",20481,2026,NA
"CAN_ON|vivid.d6677|2025","CAN_ON","CAN","1H","1H.60",20314,2025,NA
"CAN_ON|vivid.d6562|2025","CAN_ON","CAN","1H","1H.60",20213,2025,NA
"MEX_Puebla_vivid.m669_2023","MEX_Puebla","MEX","1B","1B.10.20",19527,2023,NA
"MEX_Puebla_vivid.m1015_2025","MEX_Puebla","MEX","1B","1B.10.20",20206,2025,NA
"CAN/vivid.5325/2022","CAN","CAN","1H","1H.59",19191,2022,NA
"CAN/vivid.4982/2021","CAN","CAN","1H","1H.59",18954,2021,NA
"CAN/vivid.5142/2022","CAN","CAN","1H","1H.59",19045,2022,NA
"MEX_Veracruz_vivid.m239_2019","MEX_Veracruz","MEX","8D","8D.1",18159,2019,NA
"MEX_Puebla_vivid.m223_2019","MEX_Puebla","MEX","8D","8D.1",18135,2019,NA
"MEX_Veracruz_vivid.m714_2023","MEX_Veracruz","MEX","1B","1B.19",19385,2023,NA
"MEX_Veracruz_vivid.m552_2022","MEX_Veracruz","MEX","1B","1B.19",19065,2022,NA
"MEX_Puebla_vivid.m988_2025","MEX_Puebla","MEX","1B","1B.10",20175,2025,NA
"MEX_Puebla_vivid.m420_2020","MEX_Puebla","MEX","1B","1B.10",18438,2020,NA
"MEX_Puebla_vivid.m692_2023","MEX_Puebla","MEX","1B","1B.10",19594,2023,NA
"MEX_Veracruz_vivid.m499_2021","MEX_Veracruz","MEX","1B","1B.10",18836,2021,NA
"MEX_Veracruz_vivid.m548_2022","MEX_Veracruz","MEX","1B","1B.10",19062,2022,NA
"MEX_Veracruz_vivid.m975_2025","MEX_Veracruz","MEX","1B","1B.10",20133,2025,NA
"PRRSV2/CAN/vivid.6261/2024","CAN","CAN","1H","1H.36.58",19969,2024,NA
"PRRSV2/CAN/QC/vivid.d6551/2025","CAN_QC","CAN","1H","1H.36.58",20207,2025,NA
"PRRSV2/CAN/vivid.6098/2024","CAN","CAN","1H","1H.48.57",19783,2024,NA
"PRRSV2/CAN/ON/vivid.d6714/2025","CAN_ON","CAN","1H","1H.48.57",20357,2025,NA
"PRRSV2/CAN/ON/vivid.d6719/2025","CAN_ON","CAN","1H","1H.48.57",20361,2025,NA
"PRRSV2/CAN/ON/vivid.d6558/2025","CAN_ON","CAN","1H","1H.48.57",20212,2025,NA
"PRRSV2/CAN/ON_vivid.d6730_2025","CAN_ON","CAN","1H","1H.48.57",20384,2025,NA
"PRRSV2/CAN/ON_vivid.d6722_2025","CAN_ON","CAN","1H","1H.48.57",20376,2025,NA
"PRRSV2/USA/KS/vivid.81265/2024","KS","USA","1H","1H.11.56",19936,2024,NA
"PRRSV2/USA/IL/vivid.82721/2025","IL","USA","1C","1C.2.43",20221,2025,NA
"PRRSV2/USA/IL/vivid.80631/2024","IL","USA","1C","1C.2.43",19860,2024,NA
"PRRSV2/USA/IL_vivid.85201_2025","IL","USA","1C","1C.2.43",20389,2025,NA
"PRRSV2/USA/IL/vivid.83569/2025","IL","USA","1C","1C.2.43",20255,2025,NA
"PRRSV2/USA/IL/vivid.84301/2025","IL","USA","1C","1C.2.43",20319,2025,NA
"IL_vivid.87145_2026","IL","USA","1C","1C.2.43",20494,2026,NA
"PRRSV2/USA/IL/vivid.83616/2025","IL","USA","1C","1C.2.43",20259,2025,NA
"PRRSV2/USA/IA/vivid.84400/2025","IA","USA","1C","1C.2.43",20329,2025,NA
"PRRSV2/USA/IA/vivid.83648/2025","IA","USA","1C","1C.2.43",20259,2025,NA
"PRRSV2/USA/IA/vivid.83856/2025","IA","USA","1C","1C.2.43",20277,2025,NA
"PRRSV2/USA/IA_vivid.85108_2025","IA","USA","1C","1C.2.43",20384,2025,NA
"PRRSV2/CAN/ON_vivid.d6778_2025","CAN_ON","CAN","1H","1H.55",20423,2025,NA
"CAN_ON_vivid.d6958_2026","CAN_ON","CAN","1H","1H.55",20579,2026,NA
"PRRSV2/CAN/ON_vivid.d6800_2025","CAN_ON","CAN","1H","1H.55",20451,2025,NA
"PRRSV2/CAN/ON/vivid.d6409/2025","CAN_ON","CAN","1H","1H.55",20103,2025,NA
"PRRSV2/CAN/ON/vivid.d6712/2025","CAN_ON","CAN","1H","1H.55",20355,2025,NA
"CAN_ON_vivid.d6908_2026","CAN_ON","CAN","1H","1H.55",20545,2026,NA
"PRRSV2/CAN/ON_vivid.d6744_2025","CAN_ON","CAN","1H","1H.55",20397,2025,NA
"PRRSV2/CAN/ON/vivid.d6689/2025","CAN_ON","CAN","1H","1H.55",20326,2025,NA
"PRRSV2/CAN/ON_vivid.d6785_2025","CAN_ON","CAN","1H","1H.55",20433,2025,NA
"PRRSV2/USA/IN/vivid.82209/2025","IN","USA","1A","1A.10.63",20195,2025,NA
"PRRSV2/USA/IN/vivid.80945/2024","IN","USA","1A","1A.10.63",19899,2024,NA
"PRRSV2/USA/IN/vivid.82085/2025","IN","USA","1A","1A.10.63",20187,2025,NA
"PRRSV2/USA/OH/vivid.81336/2024","OH","USA","1A","1A.10.63",19944,2024,NA
"PRRSV2/USA/OH/vivid.82820/2025","OH","USA","1A","1A.10.63",20228,2025,NA
"PRRSV2/CAN/vivid.2985/2016","CAN","CAN","1K","1K.1.6",17101,2016,NA
"CAN/vivid.3930/2019","CAN","CAN","1K","1K.1.6",17970,2019,NA
"CAN/vivid.3784/2018","CAN","CAN","1K","1K.1.6",17859,2018,NA
"PRRSV2/CAN/vivid.3190/2017","CAN","CAN","1K","1K.1.6",17324,2017,NA
"PRRSV2/CAN/vivid.4127/2019","CAN","CAN","1K","1K.1.6",18205,2019,"PV957876"
"PRRSV2/USA/IA/vivid.79311/2024","IA","USA","1K","1K.1.6",20084,2024,NA
"PRRSV2/USA/IA/vivid.84688/2025","IA","USA","1K","1K.1.6",20356,2025,NA
"PRRSV2/USA/IA/vivid.82306/2025","IA","USA","1A","1A.2.62",20202,2025,NA
"PRRSV2/USA/IA/vivid.82357/2025","IA","USA","1A","1A.2.62",20207,2025,NA
"PRRSV2/USA/IA/vivid.83927/2025","IA","USA","1A","1A.2.62",20285,2025,NA
"PRRSV2/USA/IL/vivid.84033/2025","IL","USA","1A","1A.61",20294,2025,NA
"PRRSV2/USA/IL_vivid.85198_2025","IL","USA","1A","1A.61",20390,2025,NA
"PRRSV2/USA/IL_vivid.85242_2025","IL","USA","1A","1A.61",20391,2025,NA
"PRRSV2/USA/IL/vivid.84661/2025","IL","USA","1A","1A.61",20350,2025,NA
"PRRSV2/USA/IL/vivid.84610/2025","IL","USA","1A","1A.61",20346,2025,NA
"PRRSV2/CAN/vivid.6211/2024","CAN","CAN","1H","1H.46.54",19907,2024,NA
"PRRSV2/CAN/vivid.5957/2023","CAN","CAN","1H","1H.46.54",19681,2023,NA
"PRRSV2/CAN/vivid.5424/2022","CAN","CAN","1H","1H.46.54",19272,2022,NA
"PRRSV2/CAN/ON/vivid.d6441/2025","CAN_ON","CAN","1H","1H.46.54",20122,2025,NA
"CAN/vivid.4818/2021","CAN","CAN","1K","1K.1.5",18789,2021,NA
"PRRSV2/CAN/vivid.4389/2020","CAN","CAN","1K","1K.1.5",18438,2020,NA
"PRRSV2/USA/IA/vivid.52243/2021","IA","USA","1K","1K.1.5",18900,2021,NA
"USA/IA/vivid.60919/2023","IA","USA","1K","1K.1.5",19383,2023,NA
"USA/IA/vivid.60920/2023","IA","USA","1K","1K.1.5",19383,2023,NA
"CAN_ON_vivid.d6723_2025","CAN_ON","CAN","1K","1K.1.5",20376,2025,NA
"CAN_ON_vivid.d6733_2025","CAN_ON","CAN","1K","1K.1.5",20389,2025,NA
"PRRSV2/CAN/PV179232/2023","CAN","CAN","1K","1K.1.5",19390,2023,"PV179232"
"IL|vivid.83920|2025","IL","USA","1K","1K.1.5",20279,2025,NA
"PRRSV2/CAN/ON/vivid.d6610/2025","CAN_ON","CAN","1E","1E.12.13",20090,2025,NA
"PRRSV2/CAN/ON/vivid.d6634/2025","CAN_ON","CAN","1E","1E.12.13",20250,2025,NA
"PRRSV2/CAN/ON/vivid.d6609/2025","CAN_ON","CAN","1E","1E.12.13",20234,2025,NA
"PRRSV2/CAN/ON_vivid.d6793_2025","CAN_ON","CAN","1E","1E.12.13",20431,2025,NA
"PRRSV2/CAN/ON_vivid.d6720_2025","CAN_ON","CAN","1E","1E.12.13",20369,2025,NA
"CAN_ON_vivid.d6794_2025","CAN_ON","CAN","1E","1E.12.13",20438,2025,NA
"PRRSV2/CAN/ON/vivid.d6611/2025","CAN_ON","CAN","1E","1E.12.13",20090,2025,NA
"CAN_ON_vivid.d6826_2026","CAN_ON","CAN","1E","1E.12.13",20480,2026,NA
"PRRSV2/CAN/ON/vivid.d6345/2024","CAN_ON","CAN","1E","1E.12.13",20054,2024,NA
"PRRSV2/CAN/ON/vivid.d6617/2025","CAN_ON","CAN","1E","1E.12.13",20231,2025,NA
"PRRSV2/USA/IA/vivid.79446/2025","IA","USA","1A","1A.55",20110,2025,NA
"PRRSV2/USA/IA/vivid.82410/2025","IA","USA","1A","1A.55",20203,2025,NA
"PRRSV2/USA/NC/vivid.82328/2025","NC","USA","1A","1A.55",20202,2025,NA
"PRRSV2/USA/NC/vivid.82077/2025","NC","USA","1A","1A.55",20188,2025,NA
"PRRSV2/USA/NC/vivid.82771/2025","NC","USA","1A","1A.55",20222,2025,NA
"PRRSV2/USA/NC/vivid.82165/2025","NC","USA","1A","1A.55",20194,2025,NA
"PRRSV2/CAN/vivid.5652/2023","CAN","CAN","1H","1H.53",19433,2023,NA
"PRRSV2/CAN/vivid.5660/2023","CAN","CAN","1H","1H.53",19440,2023,NA
"PRRSV2/CAN/vivid.4719/2021","CAN","CAN","1H","1H.53",18730,2021,NA
"PRRSV2/CAN/vivid.5670/2023","CAN","CAN","1H","1H.53",19446,2023,NA
"PRRSV2/CAN/vivid.5697/2023","CAN","CAN","1H","1H.53",19440,2023,NA
"PRRSV2/CAN/ON/vivid.d6492/2025","CAN_ON","CAN","1H","1H.53",20152,2025,NA
"CAN/vivid.3646/2018","CAN","CAN","1H","1H.36.52",17729,2018,NA
"CAN/vivid.4764/2021","CAN","CAN","1H","1H.36.52",18746,2021,NA
"CAN/vivid.4551/2020","CAN","CAN","1H","1H.36.52",18584,2020,NA
"PRRSV2/CAN/vivid.5537/2023","CAN","CAN","1H","1H.36.52",19369,2023,"PV958060"
"PRRSV2/CAN/vivid.4911/2021","CAN","CAN","1H","1H.36.52",18913,2021,NA
"PRRSV2/CAN/vivid.3346/2017","CAN","CAN","1H","1H.36.52",17487,2017,NA
"CAN/vivid.4085/2019","CAN","CAN","1H","1H.36.52",18165,2019,NA
"PRRSV2/CAN/vivid.6075/2024","CAN","CAN","1L","1L.2.5",19765,2024,"PV956478"
"PRRSV2/CAN/vivid.5518/2022","CAN","CAN","1L","1L.2.5",19342,2022,"PV956423"
"CAN/vivid.6266/2024","CAN","CAN","1L","1L.2.5",19979,2024,NA
"PRRSV2/CAN/vivid.5235/2022","CAN","CAN","1L","1L.2.5",19114,2022,"PV956951"
"PRRSV2/CAN/PV179134/2023","CAN","CAN","1L","1L.2.5",19613,2023,"PV179134"
"PRRSV2/CAN/PV179140/2024","CAN","CAN","1L","1L.2.5",19893,2024,"PV179140"
"PRRSV2/CAN/PV179142/2024","CAN","CAN","1L","1L.2.5",20012,2024,"PV179142"
"PRRSV2/CAN/PV179127/2022","CAN","CAN","1L","1L.2.5",19339,2022,"PV179127"
"PRRSV2/CAN/QC/vivid.d6495/2025","CAN_QC","CAN","1L","1L.2.5",20144,2025,NA
"CAN_QC_vivid.d6928_2026","CAN_QC","CAN","1L","1L.2.5",20557,2026,NA
"PRRSV2/CAN/QC/vivid.d6532/2025","CAN_QC","CAN","1L","1L.2.5",20195,2025,NA
"PRRSV2/CAN/QC_vivid.d6774_2025","CAN_QC","CAN","1L","1L.2.5",20424,2025,NA
"PRRSV2/USA/IL/vivid.84602/2025","IL","USA","1H","1H.9.51",20349,2025,NA
"IL_vivid.86696_2026","IL","USA","1H","1H.9.51",20462,2026,NA
"PRRSV2/USA/IL/vivid.84114/2025","IL","USA","1H","1H.9.51",20304,2025,NA
"IL_vivid.86726_2026","IL","USA","1H","1H.9.51",20465,2026,NA
"PRRSV2/USA/IL/vivid.83415/2025","IL","USA","1H","1H.9.51",20248,2025,NA
"PRRSV2/USA/MO/vivid.80964/2024","MO","USA","1H","1H.9.51",19898,2024,NA
"IA_vivid.86218_2025","IA","USA","1A","1A.54",20438,2025,NA
"PRRSV2/USA/IA/vivid.79566/2025","IA","USA","1A","1A.54",20117,2025,"PV957179"
"PRRSV2/USA/IN/vivid.83756/2025","IN","USA","1A","1A.54",20269,2025,NA
"PRRSV2/USA/IN/vivid.79390/2025","IN","USA","1A","1A.54",20103,2025,"PV957303"
"IN_vivid.86456_2026","IN","USA","1A","1A.54",20458,2026,NA
"IN_vivid.87670_2026","IN","USA","1A","1A.54",20490,2026,NA
"PRRSV2/CAN/AB/vivid.d6378/2024","CAN_AB","CAN","1A","1A.53",20069,2024,NA
"PRRSV2/CAN/vivid.5314/2022","CAN","CAN","1A","1A.53",19163,2022,"PV957719"
"PRRSV2/CAN/vivid.6133/2024","CAN","CAN","1A","1A.53",19821,2024,"PV957731"
"PRRSV2/CAN/vivid.5457/2022","CAN","CAN","1A","1A.53",19256,2022,"PV957773"
"IA|vivid.84847|2025","IA","USA","1C","1C.11",20369,2025,NA
"PRRSV2/CAN/vivid.2253/2015","CAN","CAN","1C","1C.42",16450,2015,"PV957203"
"PRRSV2/CAN/vivid.3314/2017","CAN","CAN","1C","1C.42",17455,2017,"PV957152"
"PRRSV2/CAN/vivid.2651/2015","CAN","CAN","1C","1C.42",16785,2015,NA
"PRRSV2/CAN/vivid.2892/2016","CAN","CAN","1C","1C.42",17002,2016,"PV956565"
"CAN/vivid.2307/2015","CAN","CAN","1C","1C.42",16526,2015,NA
"PRRSV2/CAN/vivid.2339/2015","CAN","CAN","1C","1C.42",16568,2015,"PV957896"
"PRRSV2/CAN/vivid.3372/2017","CAN","CAN","1C","1C.42",17506,2017,"PV956322"
"PRRSV2/CAN/vivid.2254/2015","CAN","CAN","1C","1C.42",16455,2015,"PV956306"
"PRRSV2/CAN/vivid.2298/2015","CAN","CAN","1C","1C.42",16512,2015,"PV956884"
"PRRSV2/CAN/vivid.2586/2015","CAN","CAN","1C","1C.42",16785,2015,"PV957918"
"PRRSV2/CAN/vivid.3887/2019","CAN","CAN","1C","1C.41",17935,2019,"PV956662"
"PRRSV2/CAN/vivid.4087/2019","CAN","CAN","1C","1C.41",18150,2019,"PV957503"
"PRRSV2/CAN/vivid.2655/2016","CAN","CAN","1C","1C.41",16815,2016,"PV957786"
"PRRSV2/CAN/vivid.3265/2017","CAN","CAN","1C","1C.41",17423,2017,"PV957351"
"PRRSV2/CAN/vivid.3382/2017","CAN","CAN","1C","1C.41",17511,2017,"PV957636"
"PRRSV2/CAN/vivid.2994/2016","CAN","CAN","1C","1C.41",17121,2016,"PV956555"
"PRRSV2/CAN/vivid.3405/2018","CAN","CAN","1C","1C.41",17539,2018,"PV957227"
"PRRSV2/CAN/vivid.2939/2016","CAN","CAN","1C","1C.41",17065,2016,"PV956915"
"CAN/vivid.4497/2020","CAN","CAN","1H","1H.49",18540,2020,NA
"CAN/vivid.5387/2022","CAN","CAN","1H","1H.49",19236,2022,NA
"CAN/vivid.4578/2020","CAN","CAN","1H","1H.49",18596,2020,NA
"CAN/vivid.5764/2023","CAN","CAN","1H","1H.49",19465,2023,NA
"CAN/vivid.4496/2020","CAN","CAN","1H","1H.49",18555,2020,NA
"PRRSV2/CAN/PV179397/2020","CAN","CAN","1H","1H.49",18422,2020,"PV179397"
"CAN/vivid.5116/2022","CAN","CAN","1H","1H.48",19024,2022,NA
"CAN/vivid.5808/2023","CAN","CAN","1H","1H.48",19583,2023,NA
"CAN/vivid.5976/2023","CAN","CAN","1H","1H.48",19719,2023,NA
"PRRSV2/CAN/PV179392/2019","CAN","CAN","1H","1H.48",18232,2019,"PV179392"
"PRRSV2/CAN/PV179389/2019","CAN","CAN","1H","1H.48",18030,2019,"PV179389"
"CAN_ON|vivid.d6506|2025","CAN_ON","CAN","1H","1H.48",20179,2025,NA
"CAN_ON|vivid.d6397|2025","CAN_ON","CAN","1H","1H.48",20094,2025,NA
"CAN_ON_vivid.d6944_2026","CAN_ON","CAN","1H","1H.48",20572,2026,NA
"PRRSV2/CAN/vivid.5657/2023","CAN","CAN","1K","1K.4",19443,2023,NA
"PRRSV2/CAN/vivid.5650/2023","CAN","CAN","1K","1K.4",19437,2023,NA
"PRRSV2/CAN/vivid.6024/2024","CAN","CAN","1K","1K.4",19751,2024,NA
"PRRSV2/CAN/PV179234/2024","CAN","CAN","1K","1K.4",19909,2024,"PV179234"
"CAN_ON_vivid.d6831_2026","CAN_ON","CAN","1K","1K.4",20482,2026,NA
"PRRSV2/CAN/ON/vivid.d6577/2025","CAN_ON","CAN","1K","1K.4",20223,2025,NA
"CAN_ON_vivid.d6956_2026","CAN_ON","CAN","1K","1K.4",20574,2026,NA
"PRRSV2/USA/IA_vivid.86175_2025","IA","USA","1K","1K.4",20433,2025,NA
"PRRSV2/CAN/vivid.5050/2021","CAN","CAN","1K","1K.4",18982,2021,NA
"PRRSV2/USA/IL/vivid.53027/2021","IL","USA","1K","1K.3",18989,2021,"PV956462"
"PRRSV2/USA/IL/vivid.53025/2021","IL","USA","1K","1K.3",18984,2021,"PV957635"
"PRRSV2/USA/IL/vivid.53024/2021","IL","USA","1K","1K.3",18984,2021,"PV957920"
"PRRSV2/USA/IL/vivid.52971/2021","IL","USA","1K","1K.3",18983,2021,"PV956696"
"PRRSV2/USA/IA/vivid.81335/2024","IA","USA","1F","1F.1.2",19944,2024,NA
"PRRSV2/USA/MN/vivid.82997/2025","MN","USA","1F","1F.1.2",20237,2025,NA
"PRRSV2/CAN/PV179130/2023","CAN","CAN","1L","1L.4",19492,2023,"PV179130"
"PRRSV2/CAN/vivid.6153/2024","CAN","CAN","1L","1L.4",19856,2024,"PV957965"
"PRRSV2/CAN/vivid.5734/2023","CAN","CAN","1L","1L.4",19492,2023,"PV957068"
"PRRSV2/CAN/vivid.5800/2023","CAN","CAN","1L","1L.4",19572,2023,"PV956729"
"PRRSV2/CAN/vivid.5753/2023","CAN","CAN","1L","1L.4",19495,2023,"PV957572"
"CAN/vivid.4819/2021","CAN","CAN","1H","1H.47",18822,2021,NA
"CAN/vivid.5507/2022","CAN","CAN","1H","1H.47",19342,2022,NA
"CAN/vivid.5868/2023","CAN","CAN","1H","1H.47",19625,2023,NA
"CAN/vivid.4485/2020","CAN","CAN","1H","1H.47",18534,2020,NA
"CAN_ON|vivid.d6354|2024","CAN_ON","CAN","1H","1H.47",20059,2024,NA
"CAN_ON|vivid.d6693|2025","CAN_ON","CAN","1H","1H.47",20340,2025,NA
"PRRSV2/CAN/ON/vivid.d6411/2025","CAN_ON","CAN","1H","1H.47",20090,2025,NA
"CAN_ON|vivid.d6493|2025","CAN_ON","CAN","1H","1H.47",20151,2025,NA
"CAN_QC_vivid.d6973_2026","CAN_QC","CAN","1H","1H.47",20586,2026,NA
"CAN_QC_vivid.d6952_2026","CAN_QC","CAN","1H","1H.47",20577,2026,NA
"CAN_QC_vivid.d6915_2026","CAN_QC","CAN","1H","1H.47",20548,2026,NA
"PRRSV2/CAN/QC/vivid.d6683/2025","CAN_QC","CAN","1H","1H.47",20319,2025,NA
"CAN/vivid.4164/2019","CAN","CAN","1H","1H.46",18219,2019,NA
"PRRSV2/CAN/vivid.4414/2020","CAN","CAN","1H","1H.46",18471,2020,"PV957036"
"PRRSV2/CAN/vivid.6156/2024","CAN","CAN","1H","1H.46",19851,2024,"PV956646"
"PRRSV2/CAN/vivid.6064/2024","CAN","CAN","1H","1H.46",19779,2024,"PV957538"
"PRRSV2/CAN/PV179386/2019","CAN","CAN","1H","1H.46",17905,2019,"PV179386"
"CAN_ON_vivid.d6943_2026","CAN_ON","CAN","1H","1H.46",20570,2026,NA
"CAN_ON|vivid.d6388|2024","CAN_ON","CAN","1H","1H.46",20069,2024,NA
"CAN_ON_vivid.d6941_2026","CAN_ON","CAN","1H","1H.46",20565,2026,NA
"CAN_ON_vivid.d6940_2026","CAN_ON","CAN","1H","1H.46",20565,2026,NA
"CAN/vivid.4244/2020","CAN","CAN","1H","1H.46",18297,2020,NA
"CAN/vivid.4021/2019","CAN","CAN","1H","1H.45",18082,2019,NA
"PRRSV2/CAN/vivid.5616/2023","CAN","CAN","1H","1H.45",19419,2023,"PV956860"
"PRRSV2/CAN/vivid.4304/2020","CAN","CAN","1H","1H.45",18348,2020,"PV956619"
"PRRSV2/CAN/vivid.4705/2021","CAN","CAN","1H","1H.45",18709,2021,"PV957168"
"PRRSV2/CAN/PV179406/2023","CAN","CAN","1H","1H.45",19621,2023,"PV179406"
"PRRSV2/CAN/PV179382/2018","CAN","CAN","1H","1H.45",17680,2018,"PV179382"
"PRRSV2/CAN/QC/vivid.d6505/2025","CAN_QC","CAN","1H","1H.45",20179,2025,NA
"PRRSV2/CAN/QC/vivid.d6512/2025","CAN_QC","CAN","1H","1H.45",20187,2025,NA
"PRRSV2/CAN/QC/vivid.d6567/2025","CAN_QC","CAN","1H","1H.45",20216,2025,NA
"PRRSV2/CAN/QC_vivid.d6727_2025","CAN_QC","CAN","1H","1H.45",20375,2025,NA
"PRRSV2/CAN/PV179138/2023","CAN","CAN","1L","1L.3",19678,2023,"PV179138"
"PRRSV2/CAN/PV179137/2023","CAN","CAN","1L","1L.3",19682,2023,"PV179137"
"CAN/vivid.6125/2024","CAN","CAN","1L","1L.3",19829,2024,NA
"PRRSV2/CAN/vivid.6224/2024","CAN","CAN","1L","1L.3",19926,2024,"PV957655"
"CAN/vivid.5971/2024","CAN","CAN","1L","1L.3",19727,2024,NA
"CAN/vivid.6120/2024","CAN","CAN","1L","1L.3",19828,2024,NA
"CAN_QC|vivid.d6362|2024","CAN_QC","CAN","1L","1L.3",20053,2024,NA
"CAN_QC_vivid.d6807_2026","CAN_QC","CAN","1L","1L.3",20459,2026,NA
"CAN_QC_vivid.d6729_2025","CAN_QC","CAN","1L","1L.3",20375,2025,NA
"PRRSV2/CAN/QC_vivid.d6717_2025","CAN_QC","CAN","1L","1L.3",20363,2025,NA
"PRRSV2/CAN/vivid.5721/2023","CAN","CAN","1E","1E.12",19487,2023,"PV957255"
"PRRSV2/CAN/vivid.5263/2022","CAN","CAN","1E","1E.12",19130,2022,"PV957567"
"PRRSV2/CAN/vivid.5759/2023","CAN","CAN","1E","1E.12",19507,2023,"PV956923"
"CAN/vivid.5656/2023","CAN","CAN","1E","1E.12",19443,2023,NA
"PRRSV2/CAN/ON/vivid.d6442/2025","CAN_ON","CAN","1E","1E.12",20124,2025,NA
"PRRSV2/CAN/ON/vivid.d6698/2025","CAN_ON","CAN","1E","1E.12",20337,2025,NA
"PRRSV2/CAN/ON/vivid.d6615/2025","CAN_ON","CAN","1E","1E.12",20241,2025,NA
"CAN_ON_vivid.d6731_2025","CAN_ON","CAN","1E","1E.12",20389,2025,NA
"PRRSV2/USA/OH/vivid.84536/2025","OH","USA","1E","1E.12",20343,2025,NA
"PRRSV2/CAN/PV179413/2021","CAN","CAN","1H","1H.44",18975,2021,"PV179413"
"PRRSV2/CAN/vivid.6295/2021","CAN","CAN","1H","1H.44",18975,2021,"PV957112"
"CAN/vivid.5355/2022","CAN","CAN","1H","1H.44",19220,2022,NA
"PRRSV2/CAN/vivid.6255/2024","CAN","CAN","1H","1H.44",19971,2024,"PV958044"
"CAN/vivid.6044/2024","CAN","CAN","1H","1H.44",19760,2024,NA
"PRRSV2/CAN/ON/vivid.d6414/2025","CAN_ON","CAN","1H","1H.44",20111,2025,NA
"PRRSV2/CAN/ON/vivid.d6416/2025","CAN_ON","CAN","1H","1H.44",20111,2025,NA
"CAN_ON|vivid.d6616|2025","CAN_ON","CAN","1H","1H.44",20242,2025,NA
"CAN_ON_vivid.d6907_2026","CAN_ON","CAN","1H","1H.44",20545,2026,NA
"PRRSV2/CAN/vivid.5354/2020","CAN","CAN","1H","1H.44",18334,2020,"PV957217"
"PRRSV2/CAN/vivid.5910/2023","CAN","CAN","1H","1H.43",19669,2023,"PV957662"
"CAN/vivid.3889/2019","CAN","CAN","1H","1H.43",17952,2019,NA
"CAN/vivid.3860/2019","CAN","CAN","1H","1H.43",17918,2019,NA
"CAN/vivid.3792/2018","CAN","CAN","1H","1H.43",17864,2018,NA
"PRRSV2/CAN/vivid.2831/2016","CAN","CAN","1H","1H.43",16953,2016,"PV957681"
"PRRSV2/CAN/PV179391/2019","CAN","CAN","1H","1H.43",18197,2019,"PV179391"
"PRRSV2/CAN/PV179383/2018","CAN","CAN","1H","1H.43",17694,2018,"PV179383"
"CAN/vivid.2691/2016","CAN","CAN","1H","1H.43",16821,2016,NA
"PRRSV2/CAN/vivid.4992/2021","CAN","CAN","1E","1E.11",18955,2021,"PV957720"
"PRRSV2/CAN/vivid.4529/2020","CAN","CAN","1E","1E.11",18584,2020,"PV957223"
"PRRSV2/CAN/vivid.4196/2019","CAN","CAN","1E","1E.11",18260,2019,"PV956703"
"CAN/vivid.4419/2020","CAN","CAN","1E","1E.11",18488,2020,NA
"CAN/vivid.4269/2020","CAN","CAN","1E","1E.11",18310,2020,NA
"CAN/vivid.4939/2021","CAN","CAN","1E","1E.11",18932,2021,NA
"PRRSV2/CAN/vivid.6130/2024","CAN","CAN","1E","1E.11",19839,2024,"PV957119"
"PRRSV2/CAN/vivid.4232/2020","CAN","CAN","1E","1E.11",18296,2020,"PV958043"
"CAN/vivid.4248/2020","CAN","CAN","1E","1E.11",18295,2020,NA
"PRRSV2/CAN/vivid.5031/2021","CAN","CAN","1E","1E.11",18975,2021,"PV956751"
"PRRSV2/CAN/vivid.4938/2021","CAN","CAN","1K","1K.2",18932,2021,"PV957924"
"CAN/vivid.3830/2018","CAN","CAN","1K","1K.2",17883,2018,NA
"PRRSV2/CAN/vivid.3383/2017","CAN","CAN","1K","1K.2",17515,2017,"PV957758"
"CAN/vivid.2821/2016","CAN","CAN","1K","1K.2",16946,2016,NA
"CAN/vivid.3161/2017","CAN","CAN","1K","1K.2",17287,2017,NA
"PRRSV2/CAN/PV179223/2020","CAN","CAN","1K","1K.2",18284,2020,"PV179223"
"PRRSV2/CAN/PV179214/2015","CAN","CAN","1K","1K.2",16638,2015,"PV179214"
"PRRSV2/CAN/PV179218/2017","CAN","CAN","1K","1K.2",17238,2017,"PV179218"
"PRRSV2/CAN/PV179243/2016","CAN","CAN","1K","1K.2",16952,2016,"PV179243"
"PRRSV2/CAN/PV179227/2021","CAN","CAN","1K","1K.2",18743,2021,"PV179227"
"CAN/vivid.3220/2017","CAN","CAN","1H","1H.42",17352,2017,NA
"PRRSV2/CAN/vivid.4553/2019","CAN","CAN","1H","1H.42",18233,2019,"PV956300"
"PRRSV2/CAN/vivid.3827/2018","CAN","CAN","1H","1H.42",17892,2018,"PV957599"
"CAN/vivid.2759/2016","CAN","CAN","1H","1H.42",16883,2016,NA
"PRRSV2/CAN/PV179375/2017","CAN","CAN","1H","1H.42",17322,2017,"PV179375"
"CAN_QC_vivid.d6959_2026","CAN_QC","CAN","1H","1H.42",20577,2026,NA
"CAN_QC|vivid.d6406|2024","CAN_QC","CAN","1H","1H.42",20062,2024,NA
"PRRSV2/CAN/QC/vivid.d6644/2025","CAN_QC","CAN","1H","1H.42",20264,2025,NA
"PRRSV2/CAN/QC/vivid.d6671/2025","CAN_QC","CAN","1H","1H.42",20311,2025,NA
"PRRSV2/CAN/vivid.3958/2019","CAN","CAN","1H","1H.41",18018,2019,"PV956564"
"PRRSV2/CAN/vivid.3859/2019","CAN","CAN","1H","1H.41",17911,2019,"PV957605"
"PRRSV2/CAN/vivid.3060/2017","CAN","CAN","1H","1H.41",17193,2017,"PV957339"
"PRRSV2/CAN/vivid.3126/2017","CAN","CAN","1H","1H.41",17274,2017,"PV957459"
"PRRSV2/CAN/vivid.3019/2016","CAN","CAN","1H","1H.41",17158,2016,"PV957260"
"PRRSV2/CAN/PV179385/2018","CAN","CAN","1H","1H.41",17883,2018,"PV179385"
"PRRSV2/CAN/vivid.5316/2022","CAN","CAN","1H","1H.41",19166,2022,NA
"PRRSV2/CAN/vivid.2592/2015","CAN","CAN","1H","1H.40",16790,2015,"PV957938"
"PRRSV2/CAN/vivid.4395/2020","CAN","CAN","1H","1H.40",18450,2020,"PV956879"
"PRRSV2/CAN/vivid.2594/2015","CAN","CAN","1H","1H.40",16792,2015,"PV957593"
"PRRSV2/CAN/vivid.4205/2020","CAN","CAN","1H","1H.40",18270,2020,"PV957108"
"PRRSV2/CAN/vivid.2948/2016","CAN","CAN","1H","1H.40",17071,2016,"PV957234"
"PRRSV2/CAN/PV179377/2017","CAN","CAN","1H","1H.40",17520,2017,"PV179377"
"PRRSV2/CAN/vivid.6167/2024","CAN","CAN","1H","1H.40",19833,2024,NA
"PRRSV2/CAN/vivid.5426/2022","CAN","CAN","1E","1E.10",19276,2022,"PV957423"
"PRRSV2/CAN/vivid.5598/2023","CAN","CAN","1E","1E.10",19408,2023,"PV957461"
"PRRSV2/CAN/vivid.5811/2023","CAN","CAN","1E","1E.10",19588,2023,"PV957960"
"PRRSV2/CAN/vivid.4554/2020","CAN","CAN","1E","1E.10",18598,2020,"PV957174"
"CAN_ON_vivid.d6980_2026","CAN_ON","CAN","1E","1E.10",20597,2026,NA
"PRRSV2/CAN/ON/vivid.d6408/2025","CAN_ON","CAN","1E","1E.10",20098,2025,NA
"PRRSV2/CAN/vivid.3311/2017","CAN","CAN","1H","1H.39",17450,2017,"PV958068"
"PRRSV2/CAN/vivid.2334/2015","CAN","CAN","1H","1H.39",16566,2015,"PV957287"
"CAN/vivid.3008/2016","CAN","CAN","1H","1H.39",17140,2016,NA
"CAN/vivid.2507/2015","CAN","CAN","1H","1H.39",16693,2015,NA
"PRRSV2/CAN/vivid.3100/2017","CAN","CAN","1H","1H.39",17241,2017,"PV957547"
"PRRSV2/CAN/PV179387/2019","CAN","CAN","1H","1H.39",17924,2019,"PV179387"
"PRRSV2/CAN/vivid.5897/2023/L1L/1L.2","CAN","CAN","1L","1L.2",19536,2023,NA
"CAN/vivid.5667/2023","CAN","CAN","1L","1L.2",19446,2023,NA
"CAN/vivid.4143/2019","CAN","CAN","1L","1L.2",18218,2019,NA
"PRRSV2/CAN/vivid.3701/2018","CAN","CAN","1L","1L.2",17816,2018,"PV956559"
"PRRSV2/CAN/PV179121/2020","CAN","CAN","1L","1L.2",18597,2020,"PV179121"
"PRRSV2/CAN/PV179120/2020","CAN","CAN","1L","1L.2",18588,2020,"PV179120"
"PRRSV2/CAN/PV179114/2018","CAN","CAN","1L","1L.2",17571,2018,"PV179114"
"PRRSV2/CAN/PV179116/2018","CAN","CAN","1L","1L.2",17870,2018,"PV179116"
"CAN_QC_vivid.d6951_2026","CAN_QC","CAN","1L","1L.2",20573,2026,NA
"CAN_QC_vivid.d7001_2026","CAN_QC","CAN","1L","1L.2",20615,2026,NA
"PRRSV2/CAN/QC/vivid.d6550/2025","CAN_QC","CAN","1L","1L.2",20206,2025,NA
"CAN_QC|vivid.d6383|2024","CAN_QC","CAN","1L","1L.2",20076,2024,NA
"CAN/vivid.2335/2015","CAN","CAN","1L","1L.1",16567,2015,NA
"CAN/vivid.4431/2020","CAN","CAN","1L","1L.1",18493,2020,NA
"CAN/vivid.4378/2020","CAN","CAN","1L","1L.1",18424,2020,NA
"PRRSV2/CAN/vivid.4552/2020","CAN","CAN","1L","1L.1",18598,2020,"PV957966"
"PRRSV2/CAN/vivid.3041/2017","CAN","CAN","1L","1L.1",17178,2017,"PV957232"
"PRRSV2/CAN/PV179113/2017","CAN","CAN","1L","1L.1",17425,2017,"PV179113"
"PRRSV2/CAN/PV179115/2018","CAN","CAN","1L","1L.1",17834,2018,"PV179115"
"PRRSV2/CAN/PV179112/2015","CAN","CAN","1L","1L.1",16738,2015,"PV179112"
"PRRSV2/CAN/PV179149/2019","CAN","CAN","1L","1L.1",17928,2019,"PV179149"
"PRRSV2/CAN/PV179136/2023","CAN","CAN","1L","1L.1",19671,2023,"PV179136"
"CAN/vivid.5004/2021","CAN","CAN","1K","1K.1",18964,2021,NA
"PRRSV2/CAN/vivid.4672/2021","CAN","CAN","1K","1K.1",18669,2021,"PV957637"
"CAN/vivid.4478/2020","CAN","CAN","1K","1K.1",18533,2020,NA
"PRRSV2/CAN/ON/vivid.d6681/2025","CAN_ON","CAN","1K","1K.1",20321,2025,NA
"CAN_ON_vivid.d6745_2025","CAN_ON","CAN","1K","1K.1",20398,2025,NA
"PRRSV2/CAN/ON/vivid.d6658/2025","CAN_ON","CAN","1K","1K.1",20278,2025,NA
"PRRSV2/CAN/ON/vivid.d6713/2025","CAN_ON","CAN","1K","1K.1",20353,2025,NA
"PRRSV2/CAN/ON/vivid.d6578/2025","CAN_ON","CAN","1K","1K.1",20222,2025,NA
"PRRSV2/CAN/vivid.4640/2021","CAN","CAN","1H","1H.38",18641,2021,"PV958035"
"PRRSV2/CAN/vivid.4973/2021","CAN","CAN","1H","1H.38",18947,2021,"PV957102"
"PRRSV2/CAN/vivid.5121/2022","CAN","CAN","1H","1H.38",19026,2022,"PV957485"
"PRRSV2/CAN/vivid.5201/2022","CAN","CAN","1H","1H.38",19081,2022,NA
"PRRSV2/CAN/ON/vivid.d6327/2024","CAN_ON","CAN","1H","1H.38",20041,2024,NA
"PRRSV2/CAN/vivid.3021/2016","CAN","CAN","1H","1H.37",17150,2016,"PV957213"
"CAN/vivid.3315/2017","CAN","CAN","1H","1H.37",17456,2017,NA
"CAN/vivid.3702/2018","CAN","CAN","1H","1H.37",17806,2018,NA
"CAN/vivid.3304/2017","CAN","CAN","1H","1H.37",17423,2017,NA
"CAN/vivid.3527/2018","CAN","CAN","1H","1H.37",17652,2018,NA
"PRRSV2/CAN/vivid.4159/2019","CAN","CAN","1H","1H.37",18206,2019,"PV957726"
"PRRSV2/CAN/vivid.3303/2017","CAN","CAN","1H","1H.37",17445,2017,"PV956535"
"CAN/vivid.5143/2022","CAN","CAN","1H","1H.36",19045,2022,NA
"CAN/vivid.5132/2022","CAN","CAN","1H","1H.36",19031,2022,NA
"CAN/vivid.4148/2019","CAN","CAN","1H","1H.36",18169,2019,NA
"CAN/vivid.3826/2018","CAN","CAN","1H","1H.36",17885,2018,NA
"CAN/vivid.3102/2017","CAN","CAN","1H","1H.36",17245,2017,NA
"CAN/vivid.4784/2021","CAN","CAN","1H","1H.36",18800,2021,NA
"CAN/vivid.5421/2022","CAN","CAN","1H","1H.36",19269,2022,NA
"PRRSV2/CAN/vivid.4487/2020","CAN","CAN","1H","1H.36",18537,2020,"PV957803"
"CAN/vivid.5556/2023","CAN","CAN","1H","1H.36",19374,2023,NA
"PRRSV2/CAN/vivid.2901/2016","CAN","CAN","1E","1E.9",17015,2016,"PV958073"
"PRRSV2/CAN/vivid.3206/2017","CAN","CAN","1E","1E.9",17315,2017,"PV957469"
"PRRSV2/CAN/vivid.3492/2018","CAN","CAN","1E","1E.9",17623,2018,"PV957305"
"PRRSV2/CAN/vivid.2877/2016","CAN","CAN","1E","1E.9",16987,2016,"PV956778"
"PRRSV2/CAN/vivid.2310/2015","CAN","CAN","1E","1E.9",16538,2015,NA
"CO|vivid.83767|2025","CO","USA","1C","1C.2.39",20266,2025,NA
"PRRSV2/USA/CO/vivid.84109/2025","CO","USA","1C","1C.2.39",20299,2025,NA
"PRRSV2/vivid.r226/2023","CO","USA","1C","1C.2.39",19486,2023,"PV956928"
"PRRSV2/vivid.r225/2023","CO","USA","1C","1C.2.39",19486,2023,"PV957028"
"PRRSV2/USA/IA_vivid.85741_2025","IA","USA","1C","1C.2.39",20418,2025,NA
"MN_vivid.87574_2026","MN","USA","1C","1C.2.39",20504,2026,NA
"NE_vivid.87866_2026","NE","USA","1C","1C.2.39",20528,2026,NA
"IA_vivid.88803_2026","IA","USA","1C","1C.2.39",20571,2026,NA
"PRRSV2/vivid.r230/2023","IA","USA","1C","1C.5.38",19601,2023,"PV957089"
"PRRSV2/vivid.r224/2023","IA","USA","1C","1C.5.38",19464,2023,"PV957808"
"PRRSV2/USA/IA/vivid.81114/2024","IA","USA","1C","1C.5.38",19922,2024,NA
"PRRSV2/USA/MO/vivid.83652/2025","MO","USA","1C","1C.5.38",20259,2025,NA
"PRRSV2/USA/IA/vivid.83124/2025","IA","USA","1C","1C.5.37",20210,2025,NA
"IA|vivid.82440|2025","IA","USA","1C","1C.5.37",20186,2025,NA
"PRRSV2/USA/IA/vivid.82246/2025","IA","USA","1C","1C.5.37",20201,2025,NA
"PRRSV2/USA/IA/vivid.79460/2025","IA","USA","1C","1C.5.37",20109,2025,"PV957163"
"IA|vivid.82806|2025","IA","USA","1C","1C.5.37",20228,2025,NA
"PRRSV2/USA/IA/vivid.79669/2025","IA","USA","1C","1C.5.37",20137,2025,"PV956453"
"PRRSV2/USA/MN/vivid.79917/2025","MN","USA","1C","1C.5.37",20091,2025,"PV956412"
"PRRSV2/USA/MN/vivid.79918/2025","MN","USA","1C","1C.5.37",20091,2025,"PV957023"
"MO|vivid.81141|2024","MO","USA","1C","1C.5.37",19916,2024,NA
"PRRSV2/USA/IA_vivid.86378_2025","IA","USA","1C","1C.5.37",20451,2025,NA
"IA|vivid.83588|2025","IA","USA","1C","1C.5.37",20258,2025,NA
"MN|vivid.83638|2025","MN","USA","1C","1C.5.37",20258,2025,NA
"PRRSV2/USA/MN/vivid.83636/2025","MN","USA","1C","1C.5.37",20258,2025,NA
"PRRSV2/USA/WI/vivid.84910/2025","WI","USA","1C","1C.5.37",20346,2025,NA
"PRRSV2/USA/WI/vivid.84907/2025","WI","USA","1C","1C.5.37",20346,2025,NA
"PRRSV2/USA/IA/vivid.82265/2025","IA","USA","1C","1C.5.36",20202,2025,NA
"PRRSV2/USA/IA/vivid.79897/2025","IA","USA","1C","1C.5.36",20154,2025,"PV956376"
"PRRSV2/USA/IA/vivid.80848/2024","IA","USA","1C","1C.5.36",19888,2024,NA
"PRRSV2/USA/IA/vivid.82303/2025","IA","USA","1C","1C.5.36",20202,2025,NA
"PRRSV2/USA/MN/vivid.79509/2025","MN","USA","1C","1C.5.36",20110,2025,"PV957297"
"PRRSV2/USA/MN/vivid.79879/2025","MN","USA","1C","1C.5.36",20147,2025,"PV957648"
"SD|vivid.83903|2025","SD","USA","1C","1C.5.36",20280,2025,NA
"PRRSV2/USA/SD/vivid.79462/2025/L1C/1C.5.36","SD","USA","1C","1C.5.36",20109,2025,NA
"PRRSV2/USA/IA/vivid.82472/2025","IA","USA","1C","1C.5.36",20200,2025,NA
"IA|vivid.84558|2025","IA","USA","1C","1C.5.36",20342,2025,NA
"IA|vivid.84645|2025","IA","USA","1C","1C.5.36",20354,2025,NA
"PRRSV2/USA/MN_vivid.85989_2025","MN","USA","1C","1C.5.36",20411,2025,NA
"IA_vivid.86934_2026","IA","USA","1C","1C.5.35",20479,2026,NA
"IA_vivid.86933_2026","IA","USA","1C","1C.5.35",20479,2026,NA
"IA|vivid.81030|2024","IA","USA","1C","1C.5.35",19909,2024,NA
"IA|vivid.81029|2024","IA","USA","1C","1C.5.35",19909,2024,NA
"IL_vivid.88760_2026","IL","USA","1C","1C.5.35",20567,2026,NA
"USA/IL/vivid.79621/2025","IL","USA","1C","1C.5.35",20124,2025,NA
"OH_vivid.87192_2026","OH","USA","1C","1C.5.35",20494,2026,NA
"PRRSV2/USA/OH/vivid.80341/2025","OH","USA","1C","1C.5.35",20182,2025,"PV957151"
"IA|vivid.80559|2024","IA","USA","1C","1C.5.35",19842,2024,NA
"IN|vivid.84459|2025","IN","USA","1C","1C.5.35",20335,2025,NA
"IN_vivid.87271_2026","IN","USA","1C","1C.5.35",20501,2026,NA
"IL|vivid.82969|2025","IL","USA","1C","1C.5.35",20237,2025,NA
"IL|vivid.82957|2025","IL","USA","1C","1C.5.35",20236,2025,NA
"|vivid.83757|2025","","USA","1C","1C.5.35",20269,2025,NA
"PRRSV2/USA/vivid.83414/2025","","USA","1C","1C.5.35",20248,2025,NA
"OH_vivid.87942_2026","OH","USA","1C","1C.5.35",20530,2026,NA
"OH_vivid.86327_2025","OH","USA","1C","1C.5.35",20440,2025,NA
"PRRSV2/USA/IA/vivid.66661/2024","IA","USA","1C","1C.5.34",19739,2024,"PV957991"
"IA|vivid.80832|2024","IA","USA","1C","1C.5.34",19887,2024,NA
"PRRSV2/USA/IA/vivid.80149/2025","IA","USA","1C","1C.5.34",20164,2025,"PV956771"
"PRRSV2/USA/IA/vivid.79925/2025","IA","USA","1C","1C.5.34",20095,2025,"PV957659"
"PRRSV2/USA/IA/vivid.80112/2025","IA","USA","1C","1C.5.34",20159,2025,"PV957117"
"USA/MN/vivid.79708/2025","MN","USA","1C","1C.5.34",20133,2025,NA
"USA/MN/vivid.79710/2025","MN","USA","1C","1C.5.34",20133,2025,NA
"PRRSV2/USA/MN/vivid.79713/2025","MN","USA","1C","1C.5.34",20133,2025,"PV956640"
"PRRSV2/USA/NE/USSPD/PRRSV/swine/Nebraska/108785/2021/2021","NE","USA","1C","1C.5.33",18974,2021,"USSPD/PRRSV/swine/Nebraska/108785/2021"
"PRRSV2/USA/SD/vivid.79350/2025","SD","USA","1C","1C.5.33",20096,2025,"PV956990"
"CO|vivid.83398|2025","CO","USA","1C","1C.5.33",20244,2025,NA
"PRRSV2/USA/CO/vivid.83530/2025","CO","USA","1C","1C.5.33",20252,2025,NA
"PRRSV2/USA/IA_vivid.86063_2025","IA","USA","1C","1C.5.33",20431,2025,NA
"PRRSV2/USA/NE_vivid.86290_2025","NE","USA","1C","1C.5.33",20444,2025,NA
"PRRSV2/vivid.r228/2023","MN","USA","1A","1A.2.52",19551,2023,"PV957784"
"PRRSV2/vivid.r229/2023","MN","USA","1A","1A.2.52",19599,2023,"PV956377"
"PRRSV2/vivid.r231/2023","MN","USA","1A","1A.2.52",19683,2023,"PV956706"
"PRRSV2/USA/IA/vivid.80022/2025","IA","USA","1C","1C.5.32",20154,2025,NA
"IA_vivid.87792_2026","IA","USA","1C","1C.5.32",20522,2026,NA
"USA/MN/vivid.79938/2025","MN","USA","1C","1C.5.32",20102,2025,NA
"PRRSV2/USA/IL/vivid.81197/2024","IL","USA","1C","1C.5.32",19926,2024,NA
"IL_vivid.88873_2026","IL","USA","1C","1C.5.32",20577,2026,NA
"PRRSV2/USA/vivid.83126/2025","","USA","1C","1C.5.32",20210,2025,NA
"MN|vivid.83067|2025","MN","USA","1C","1C.5.32",20243,2025,NA
"OK_vivid.85200_2025","OK","USA","1C","1C.5.32",20385,2025,NA
"IA_vivid.86379_2025","IA","USA","1C","1C.5.32",20451,2025,NA
"SD_vivid.88637_2026","SD","USA","1C","1C.5.32",20560,2026,NA
"PRRSV2/USA/IA/vivid.80304/2025","IA","USA","1A","1A.50",20180,2025,"PV957506"
"PRRSV2/USA/IN/vivid.83759/2025","IN","USA","1A","1A.50",20265,2025,NA
"PRRSV2/USA/IN/vivid.80260/2025","IN","USA","1A","1A.50",20174,2025,NA
"PRRSV2/USA/MI/USSPD/PRRSV/swine/Michigan/97431/2021/2021","MI","USA","1A","1A.50",18934,2021,"USSPD/PRRSV/swine/Michigan/97431/2021"
"PRRSV2/USA/MI/USSPD/PRRSV/swine/Michigan/112571/2021/2021","MI","USA","1A","1A.50",18988,2021,"USSPD/PRRSV/swine/Michigan/112571/2021"
"PRRSV2/USA/IN_vivid.85389_2025","IN","USA","1A","1A.50",20396,2025,NA
"PRRSV2/USA/IN/vivid.82109/2025","IN","USA","1A","1A.50",20187,2025,NA
"PRRSV2/USA/OH/vivid.83688/2025","OH","USA","1A","1A.50",20264,2025,NA
"PRRSV2/USA/_vivid.85862_2025","","USA","1B","1B.18",20427,2025,NA
"PRRSV2/USA/vivid.84229/2025","","USA","1B","1B.18",20308,2025,NA
"PRRSV2/USA/IN/vivid.68362/2024","IN","USA","1D","1D.2.4",19768,2024,"PV957407"
"PRRSV2/USA/IN/vivid.68360/2024","IN","USA","1D","1D.2.4",19768,2024,"PV956958"
"PRRSV2/USA/IN/vivid.75371/2024","IN","USA","1D","1D.2.4",19768,2024,"PV956294"
"PRRSV2/USA/IN/vivid.75369/2024","IN","USA","1D","1D.2.4",19768,2024,"PV956748"
"PRRSV2/USA/IN/vivid.75370/2024","IN","USA","1D","1D.2.4",19768,2024,"PV957750"
"PRRSV2/USA/IN/vivid.68361/2024","IN","USA","1D","1D.2.4",19768,2024,"PV957457"
"IA_vivid.87977_2026","IA","USA","1A","1A.13.49",20532,2026,NA
"MN|vivid.83173|2025","MN","USA","1A","1A.13.49",20221,2025,NA
"IL_vivid.88050_2026","IL","USA","1A","1A.13.49",20538,2026,NA
"IA_vivid.88441_2026","IA","USA","1A","1A.13.49",20556,2026,NA
"IA_vivid.88807_2026","IA","USA","1A","1A.13.49",20572,2026,NA
"PRRSV2/USA/IL/vivid.66249/2023","IL","USA","1A","1A.48",19697,2023,"PV957450"
"PRRSV2/USA/IL/vivid.77425/2024","IL","USA","1A","1A.48",19965,2024,"PV957607"
"PRRSV2/USA/IL/vivid.66290/2023","IL","USA","1A","1A.48",19699,2023,"PV957829"
"PRRSV2/USA/IL/vivid.81480/2024","IL","USA","1A","1A.48",19965,2024,NA
"USA/KS/vivid.57983/2022","KS","USA","1H","1H.11.35",19090,2022,NA
"PRRSV2/USA/KS/vivid.57128/2022","KS","USA","1H","1H.11.35",19110,2022,"PV956385"
"USA/KS/vivid.56822/2022","KS","USA","1H","1H.11.35",19026,2022,NA
"PRRSV2/USA/KS/vivid.58952/2022","KS","USA","1H","1H.11.35",19090,2022,"PV956475"
"PRRSV2/USA/KS/vivid.57191/2022","KS","USA","1H","1H.11.35",19090,2022,"PV957573"
"PRRSV2/USA/OK/vivid.58815/2022","OK","USA","1H","1H.11.35",19138,2022,"PV957418"
"PRRSV2/USA/OK/vivid.60721/2023","OK","USA","1H","1H.11.35",19383,2023,"PV957866"
"PRRSV2/USA/OK/vivid.58960/2022","OK","USA","1H","1H.11.35",19088,2022,"PV958025"
"PRRSV2/USA/OK/vivid.57846/2022","OK","USA","1H","1H.11.35",19138,2022,"PV956792"
"USA/OK/vivid.57991/2022","OK","USA","1H","1H.11.35",19088,2022,NA
"PRRSV2/USA/IA/vivid.84572/2025","IA","USA","1C","1C.25.30",20343,2025,NA
"PRRSV2/USA/IA/vivid.83086/2025","IA","USA","1C","1C.25.30",20230,2025,NA
"PRRSV2/USA/IA/vivid.79821/2025","IA","USA","1C","1C.25.30",20140,2025,"PV957932"
"PRRSV2/USA/IL_vivid.85545_2025","IL","USA","1C","1C.25.30",20410,2025,NA
"PRRSV2/USA/IL/vivid.65900/2023","IL","USA","1C","1C.25.30",19662,2023,"PV957687"
"PRRSV2/USA/IL/vivid.79606/2025","IL","USA","1C","1C.25.30",20124,2025,NA
"USA/IL/vivid.75161/2023","IL","USA","1C","1C.25.30",19690,2023,NA
"PRRSV2/USA/MO/vivid.63450/2023","MO","USA","1C","1C.25.30",19642,2023,"PV956814"
"OR293984/USA/UT/28759-GA/2021/2021/USA_UT/1-4-2/L8C","UT","USA","8C","8C.1.2",18793,2021,NA
"PRRSV2/USA/UT/OR294003/2021","UT","USA","8C","8C.1.2",18793,2021,"OR294003"
"OR293899/USA/UT/66020-GA/2019/2019/USA_UT/1-4-2/L8C","UT","USA","8C","8C.1.2",18062,2019,NA
"OR294007.1/USA/IA/60390_3/2021","IA","USA","8C","8C.1.2",18816,2021,NA
"PRRSV2/USA/IA/OR294007/2021","IA","USA","8C","8C.1.2",18793,2021,"OR294007"
"PRRSV2/USA/UT/USSPD/PRRSV/swine/Utah/57835/2021/2021","UT","USA","8C","8C.1.2",18809,2021,"USSPD/PRRSV/swine/Utah/57835/2021"
"USSPD/PRRSV/swine/Utah/57835_2/2021",NA,"USA","8C","8C.1.2",18809,2021,NA
"USSPD/PRRSV/swine/Utah/90760/2021",NA,"USA","8C","8C.1.2",18913,2021,NA
"USSPD/PRRSV/swine/Utah/101474/2021",NA,"USA","8C","8C.1.2",18947,2021,NA
"PRRSV2/USA/IA/vivid.56541/2022","IA","USA","1H","1H.9.34",19089,2022,"PV957128"
"PRRSV2/USA/IL/vivid.80187/2025","IL","USA","1H","1H.9.34",20168,2025,"PV956912"
"PRRSV2/USA/IL/vivid.75374/2024","IL","USA","1H","1H.9.34",19768,2024,"PV956783"
"PRRSV2/USA/IL/vivid.68939/2024","IL","USA","1H","1H.9.34",19835,2024,"PV956499"
"PRRSV2/vivid.66489/2024/L1H/1H.9.34",NA,"USA","1H","1H.9.34",19734,2024,NA
"PRRSV2/USA/IA/USSPD/PRRSV/swine/Iowa/112691/2021/2021","IA","USA","1H","1H.9.34",18988,2021,"USSPD/PRRSV/swine/Iowa/112691/2021"
"PRRSV2/USA/IA/vivid.53039/2021","IA","USA","1C","1C.3.29",18990,2021,"PV957273"
"PRRSV2/USA/IA/USSPD/PRRSV/swine/Iowa/76782/2021/2021","IA","USA","1C","1C.3.29",18870,2021,"USSPD/PRRSV/swine/Iowa/76782/2021"
"PRRSV2/USA/IA/USSPD/PRRSV/swine/Iowa/73513/2021/2021","IA","USA","1C","1C.3.29",18858,2021,"USSPD/PRRSV/swine/Iowa/73513/2021"
"PRRSV2/USA/IA/vivid.59711/2022","IA","USA","1A","1A.47",19285,2022,"PV956405"
"PRRSV2/USA/IA/OR293606/2015","IA","USA","1D","1D.3",16601,2015,"OR293606"
"PRRSV2/USA/IA/OR293610/2019","IA","USA","1D","1D.3",18062,2019,"OR293610"
"PRRSV2/USA/IA/OR293608/2015","IA","USA","1D","1D.3",16601,2015,"OR293608"
"PRRSV2/USA/IA/OR293609/2016","IA","USA","1D","1D.3",16967,2016,"OR293609"
"PRRSV2/USA/IA/OR293607/2015","IA","USA","1D","1D.3",16601,2015,"OR293607"
"PRRSV2/USA/IA/vivid.60597/2023","IA","USA","1A","1A.46",19369,2023,"PV956280"
"PRRSV2/USA/MI/vivid.60326/2022","MI","USA","1A","1A.46",19328,2022,"PV958057"
"MI_vivid.85416_2025","MI","USA","1A","1A.46",20404,2025,NA
"PRRSV2/USA/IA/USSPD/PRRSV/swine/Iowa/62863/2021/2021","IA","USA","1A","1A.46",18820,2021,"USSPD/PRRSV/swine/Iowa/62863/2021"
"USSPD/PRRSV/swine/Michigan/77544/2021","MI","USA","1A","1A.46",18871,2021,NA
"IN_vivid.87012_2026","IN","USA","1A","1A.46",20483,2026,NA
"PRRSV2/USA/IL/vivid.79717/2025","IL","USA","1A","1A.45",20139,2025,"PV957444"
"PRRSV2/vivid.RUJGOW/2021/L1A/1A.45",NA,"USA","1A","1A.45",18795,2021,NA
"PRRSV2/USA/NC/USSPD/PRRSV/swine/North_Carolina/72324/2021/2021","NC","USA","1A","1A.45",18855,2021,"USSPD/PRRSV/swine/North_Carolina/72324/2021"
"PRRSV2/USA/NC/vivid.52091/2021","NC","USA","1A","1A.45",18859,2021,"PV957709"
"PRRSV2/USA/NC/vivid.66697/2024","NC","USA","1A","1A.45",19746,2024,"PV956988"
"USA/NC/vivid.WTCKXQ/2021","NC","USA","1A","1A.45",18859,2021,NA
"PRRSV2/USA/NC/USSPD/PRRSV/swine/North_Carolina/107152/2021/2021","NC","USA","1A","1A.44",18970,2021,"USSPD/PRRSV/swine/North_Carolina/107152/2021"
"PRRSV2/USA/NC/USSPD/PRRSV/swine/North_Carolina/110095/2021/2021","NC","USA","1A","1A.44",18982,2021,"USSPD/PRRSV/swine/North_Carolina/110095/2021"
"PRRSV2/USA/NC/vivid.59786/2022","NC","USA","1A","1A.44",19296,2022,"PV957921"
"PRRSV2/USA/NC/vivid.58624/2022","NC","USA","1A","1A.44",19072,2022,"PV957478"
"USA/NC/vivid.58544/2022","NC","USA","1A","1A.44",19192,2022,NA
"PRRSV2/USA/NC/vivid.60964/2023","NC","USA","1A","1A.44",19384,2023,"PV957505"
"PRRSV2/USA/NC/vivid.59676/2022","NC","USA","1A","1A.44",19283,2022,"PV956941"
"PRRSV2/USA/MN/vivid.59936/2022","MN","USA","1H","1H.9.33",19279,2022,"PV958048"
"PRRSV2/vivid.r206/2021","MN","USA","1H","1H.9.33",18753,2021,"PV957796"
"PRRSV2/vivid.r207/2021","MN","USA","1H","1H.9.33",18765,2021,"PV957543"
"PRRSV2/vivid.r222/2023","MN","USA","1H","1H.9.33",19366,2023,"PV956973"
"PRRSV2/vivid.r216/2022","MN","USA","1H","1H.9.33",19101,2022,"PV957705"
"PRRSV2/vivid.r220/2022","MN","USA","1H","1H.9.33",19269,2022,"PV957868"
"USA/TX/vivid.56807/2022","TX","USA","1E","1E.1.6",19031,2022,NA
"USA/TX/vivid.57319/2022","TX","USA","1E","1E.1.6",19054,2022,NA
"USA/TX/vivid.59102/2022","TX","USA","1E","1E.1.6",19048,2022,NA
"PRRSV2/USA/TX/vivid.56842/2022","TX","USA","1E","1E.1.6",19019,2022,"PV957658"
"PRRSV2/USA/TX/vivid.59119/2022","TX","USA","1E","1E.1.6",19040,2022,"PV957428"
"USA/TX/vivid.56800/2022","TX","USA","1E","1E.1.6",19033,2022,NA
"USA/TX/vivid.58303/2022","TX","USA","1E","1E.1.6",18996,2022,NA
"USA/TX/vivid.58187/2022","TX","USA","1E","1E.1.6",19033,2022,NA
"USA/TX/vivid.59425/2022","TX","USA","1E","1E.1.6",19243,2022,NA
"PRRSV2/USA/TX/vivid.59044/2022","TX","USA","1E","1E.1.6",19067,2022,"PV957812"
"PRRSV2/USA/IA/vivid.59743/2022","IA","USA","1C","1C.3.27",19290,2022,NA
"PRRSV2/USA/IA/vivid.68705/2024","IA","USA","1C","1C.3.27",19816,2024,"PV957620"
"PRRSV2/USA/IA/vivid.75171/2023","IA","USA","1C","1C.3.27",19689,2023,"PV956974"
"PRRSV2/USA/vivid.66195/2023",NA,"USA","1C","1C.3.27",19718,2023,NA
"PRRSV2/USA/IA/USSPD/PRRSV/swine/Iowa/94678/2021/2021","IA","USA","1C","1C.3.27",18928,2021,"USSPD/PRRSV/swine/Iowa/94678/2021"
"USA/IA/vivid.CLQMKS/2021","IA","USA","1C","1C.3.26",18802,2021,NA
"PRRSV2/USA/IA/vivid.YQATWQ/2021","IA","USA","1C","1C.3.26",18785,2021,"PV957006"
"PRRSV2/USA/IA/vivid.59773/2022","IA","USA","1C","1C.3.26",19293,2022,"PV956321"
"PRRSV2/USA/IA/vivid.60331/2022","IA","USA","1C","1C.3.26",19328,2022,"PV956519"
"USA/IL/vivid.XVUXQQ/2021","IL","USA","1C","1C.3.26",18666,2021,NA
"USA/IL/vivid.YTJNWI/2021","IL","USA","1C","1C.3.26",18639,2021,NA
"PRRSV2/USA/IL/vivid.HVCWPL/2021","IL","USA","1C","1C.3.26",18753,2021,"PV957819"
"OR293532.1/USA/IA/60424_GA/2021","IA","USA","1C","1C.3.26",18815,2021,NA
"PRRSV2/USA/IN/USSPD/PRRSV/swine/Indiana/95719/2021/2021","IN","USA","1C","1C.3.26",18932,2021,"USSPD/PRRSV/swine/Indiana/95719/2021"
"PRRSV2/USA/OH/vivid.56519/2022","OH","USA","1C","1C.3.26",19083,2022,"PV956382"
"PRRSV2/USA/OH/vivid.60537/2023","OH","USA","1C","1C.3.26",19361,2023,"PV956699"
"PRRSV2/USA/IA/vivid.80467/2024","IA","USA","1C","1C.3.25",19823,2024,NA
"IA|vivid.80854|2024","IA","USA","1C","1C.3.25",19886,2024,NA
"PRRSV2/USA/IA/vivid.68786/2024/L1C/1C.3.25","IA","USA","1C","1C.3.25",19818,2024,NA
"PRRSV2/USA/SD/vivid.75846/2024/L1C/1C.3.25","SD","USA","1C","1C.3.25",19880,2024,NA
"PRRSV2/USA/SD/vivid.80741/2024","SD","USA","1C","1C.3.25",19880,2024,NA
"PRRSV2/USA/SD/vivid.68760/2024","SD","USA","1C","1C.3.25",19816,2024,"PV956625"
"MN|vivid.81303|2024","MN","USA","1C","1C.3.25",19942,2024,NA
"MN|vivid.81302|2024","MN","USA","1C","1C.3.25",19942,2024,NA
"PRRSV2/USA/OK/vivid.60285/2022","OK","USA","1C","1C.2.24",19328,2022,"PV956448"
"PRRSV2/USA/OK/vivid.60078/2022","OK","USA","1C","1C.2.24",19318,2022,"PV957001"
"PRRSV2/USA/OK/vivid.60713/2023","OK","USA","1C","1C.2.24",19381,2023,"PV956483"
"PRRSV2/USA/OK/vivid.60103/2022","OK","USA","1C","1C.2.24",19325,2022,"PV957486"
"PRRSV2/USA/IA/vivid.62265/2023","IA","USA","1H","1H.31",19481,2023,"PV957467"
"PRRSV2/USA/IA/vivid.52134/2021","IA","USA","1H","1H.31",18866,2021,"PV956891"
"PRRSV2/USA/IA/vivid.CDBUPN/2021","IA","USA","1H","1H.31",18866,2021,"PV957952"
"PRRSV2/USA/IA/vivid.53043/2021","IA","USA","1H","1H.31",18990,2021,"PV956762"
"PRRSV2/USA/MO/vivid.56527/2022","MO","USA","1H","1H.31",19086,2022,"PV956604"
"PRRSV2/USA/IA/USSPD/PRRSV/swine/Iowa/70949/2021/2021","IA","USA","1H","1H.31",18849,2021,"USSPD/PRRSV/swine/Iowa/70949/2021"
"PRRSV2/USA/IA/USSPD/PRRSV/swine/Iowa/93594/2021/2021","IA","USA","1H","1H.31",18922,2021,"USSPD/PRRSV/swine/Iowa/93594/2021"
"PRRSV2/USA/IA/USSPD/PRRSV/swine/Iowa/95784/2021/2021","IA","USA","1H","1H.31",18932,2021,"USSPD/PRRSV/swine/Iowa/95784/2021"
"PRRSV2/vivid.r215/2022","IA","USA","1A","1A.43",19095,2022,"PV957519"
"PRRSV2/USA/AZ/USSPD/PRRSV/swine/Arizona/60550/2021/2021","AZ","USA","1E","1E.5",18814,2021,"USSPD/PRRSV/swine/Arizona/60550/2021"
"PRRSV2/USA/OR293654",NA,"USA","1E","1E.5",18428,2020,"OR293654"
"MN501131/13738/2010/USA/1-4-4/L1C.4","#N/A","USA","1C","1C.4",NA,NA,NA
"MN501379/10471/2010/USA/1-4-4/L1C.4","#N/A","USA","1C","1C.4",NA,NA,NA
"KT903753/PRRSV2-USA-AP1309-2012/2012/USA/1-4-4/L1C.4","#N/A","USA","1C","1C.4",NA,NA,NA
"KT903850/PRRSV2-USA-AP1407-2012/2012/USA/1-4-4/L1C.4","#N/A","USA","1C","1C.4",NA,NA,NA
"MN501842/11306/2012/USA/1-4-4/L1C.4","#N/A","USA","1C","1C.4",NA,NA,NA
"OR293539/USA/IA/18529-9/2012/2012/USA_IA/1-4-4/L1C.4","#N/A","USA","1C","1C.4",NA,NA,NA
"PRRSV2/USA/MN498308","#N/A","USA","1C","1C.4",NA,NA,"MN498308"
"PRRSV2/USA/NC/vivid.LNMIRP/2019","NC","USA","1C","1C.4",17934,2019,NA
"PRRSV2/USA/NC/vivid.YBPOWZ/2019","NC","USA","1C","1C.4",17942,2019,NA
"PRRSV2/USA/IA/vivid.LEZJOR/2020","IA","USA","1H","1H.30",18625,2020,"PV957421"
"IA|vivid.80798|2024","IA","USA","1H","1H.30",19884,2024,NA
"PRRSV2/USA/IA/vivid.PUDQRB/2021","IA","USA","1H","1H.30",18633,2021,"PV957215"
"PRRSV2/USA/IA/vivid.66371/2023","IA","USA","1H","1H.30",19711,2023,"PV957329"
"PRRSV2/USA/IA/vivid.66269/2023/L1H/1H.30","IA","USA","1H","1H.30",19704,2023,NA
"PRRSV2/USA/IA/vivid.74784/2022/L1H/1H.30","IA","USA","1H","1H.30",19307,2022,NA
"PRRSV2/USA/MN/vivid.AMHWZF/2021","MN","USA","1H","1H.30",18704,2021,"PV958028"
"PRRSV2/USA/IA/USSPD/PRRSV/swine/Iowa/111968/2021/2021","IA","USA","1H","1H.30",18988,2021,"USSPD/PRRSV/swine/Iowa/111968/2021"
"PRRSV2/USA/IA/USSPD/PRRSV/swine/Iowa/102517/2021/2021","IA","USA","1H","1H.30",18953,2021,"USSPD/PRRSV/swine/Iowa/102517/2021"
"OR293722.1/USA/MO/106753_GE/2021","MO","USA","1H","1H.30",18968,2021,NA
"USSPD/PRRSV/swine/Missouri/106753/2021","MO","USA","1H","1H.30",18968,2021,NA
"USA/IA/vivid.79503/2025","IA","USA","1D","1D.2",20112,2025,NA
"USA/IL/vivid.79793/2025","IL","USA","1D","1D.2",20154,2025,NA
"PRRSV2/USA/NE/vivid.56535/2022","NE","USA","1D","1D.2",19088,2022,"PV957725"
"MN|vivid.81247|2024","MN","USA","1D","1D.2",19929,2024,NA
"PRRSV2/USA/IA/vivid.81252/2024","IA","USA","1D","1D.2",19934,2024,NA
"MO_vivid.88578_2026","MO","USA","1D","1D.2",20559,2026,NA
"MEX_Puebla_vivid.m1152_2026","MEX_Puebla","MEX","1D","1D.2",20594,2026,NA
"PRRSV2/USA/vivid.MWRKZW/2021",NA,"USA","1A","1A.42",18641,2021,NA
"PRRSV2/USA/NC/vivid.FYFUBR/2020","NC","USA","1A","1A.42",18473,2020,"PV957167"
"PRRSV2/USA/NC/vivid.UUPUXF/2020","NC","USA","1A","1A.42",18519,2020,"PV957124"
"PRRSV2/USA/IA/vivid.60444/2022","IA","USA","1A","1A.41",19345,2022,"PV957005"
"PRRSV2/USA/IA/vivid.66229/2023","IA","USA","1A","1A.41",19695,2023,"PV956366"
"PRRSV2/USA/IA/vivid.74857/2022","IA","USA","1A","1A.41",19314,2022,"PV956613"
"PRRSV2/USA/IL/vivid.68608/2024","IL","USA","1H","1H.29",19808,2024,"PV957873"
"PRRSV2/USA/IL/vivid.75544/2024","IL","USA","1H","1H.29",19802,2024,"PV957346"
"IL_vivid.85606_2025","IL","USA","1H","1H.29",20417,2025,NA
"IL_vivid.85684_2025","IL","USA","1H","1H.29",20410,2025,NA
"PRRSV2/USA/IL/USSPD/PRRSV/swine/Illinois/77508/2021/2021","IL","USA","1H","1H.29",18872,2021,"USSPD/PRRSV/swine/Illinois/77508/2021"
"IA_vivid.88564_2026","IA","USA","1H","1H.29",20558,2026,NA
"PRRSV2/USA/IA/vivid.DDJQTW/2021","IA","USA","1A","1A.40",18659,2021,"PV956417"
"PRRSV2/USA/NC/USSPD/PRRSV/swine/North_Carolina/101021/2021/2021","NC","USA","1A","1A.40",18947,2021,"USSPD/PRRSV/swine/North_Carolina/101021/2021"
"PRRSV2/USA/NC/vivid.KIEXAR/2021","NC","USA","1A","1A.40",18758,2021,"PV957044"
"PRRSV2/USA/NC/vivid.52571/2021","NC","USA","1A","1A.40",18954,2021,"PV956511"
"PRRSV2/USA/NC/vivid.74094/2021","NC","USA","1A","1A.40",18821,2021,"PV957586"
"PRRSV2/USA/NC/vivid.52764/2021","NC","USA","1A","1A.40",18858,2021,"PV957782"
"PRRSV2/USA/NC/vivid.52767/2021","NC","USA","1A","1A.40",18858,2021,"PV956407"
"PRRSV2/USA/IA/vivid.SKPLTS/2020","IA","USA","1A","1A.38",18600,2020,"PV956669"
"PRRSV2/USA/IA/vivid.BWJDBD/2020","IA","USA","1A","1A.38",18600,2020,"PV957774"
"PRRSV2/USA/IA/vivid.MTIEDK/2020","IA","USA","1A","1A.38",18305,2020,"PV957210"
"PRRSV2/USA/IA/vivid.PJTDZD/2020","IA","USA","1A","1A.38",18536,2020,"PV956331"
"PRRSV2/USA/IL/vivid.EBNUVY/2020","IL","USA","1C","1C.22",18527,2020,"PV956764"
"PRRSV2/USA/IL/vivid.QPMTTV/2020","IL","USA","1C","1C.22",18527,2020,"PV957414"
"PRRSV2/USA/KS_vivid.85624_2025","KS","USA","1H","1H.28",20412,2025,NA
"KS|vivid.81128|2024","KS","USA","1H","1H.28",19915,2024,NA
"PRRSV2/USA/KS/vivid.84807/2025","KS","USA","1H","1H.28",20364,2025,NA
"PRRSV2/USA/KS/vivid.76147/2024","KS","USA","1H","1H.28",19915,2024,"PV957071"
"PRRSV2/USA/OK/vivid.PUTIWN/2020","OK","USA","1H","1H.28",18565,2020,"PV957381"
"PRRSV2/USA/OK/vivid.65996/2023","OK","USA","1H","1H.28",19675,2023,"PV956830"
"PRRSV2/USA/OK/vivid.RYHMQY/2019","OK","USA","1H","1H.28",18219,2019,"PV956427"
"PRRSV2/USA/OK/vivid.61550/2023","OK","USA","1H","1H.28",19416,2023,"PV957029"
"PRRSV2/USA/TX/vivid.KPCCGZ/2020","TX","USA","1H","1H.28",18281,2020,"PV956431"
"PRRSV2/USA/IA/vivid.FDJAST/2021","IA","USA","1A","1A.35",18638,2021,"PV957653"
"PRRSV2/USA/IA/vivid.RGYKUI/2019","IA","USA","1A","1A.35",18191,2019,"PV956813"
"USA/IL/vivid.74743/2022","IL","USA","1A","1A.35",19285,2022,NA
"PRRSV2/USA/IL/vivid.74715/2022","IL","USA","1A","1A.35",19272,2022,"PV956781"
"PRRSV2/USA/IL/vivid.DAUSPV/2019","IL","USA","1A","1A.35",18243,2019,"PV957776"
"PRRSV2/USA/IN/vivid.KKGUIF/2019","IN","USA","1A","1A.35",18249,2019,"PV956337"
"PRRSV2/USA/IN/vivid.NINESQ/2019","IN","USA","1A","1A.35",18249,2019,"PV957468"
"USSPD/PRRSV/swine/Illinois/90685/2021","IL","USA","1A","1A.35",18913,2021,NA
"PRRSV2/USA/IA/vivid.HXSLCC/2020","IA","USA","1A","1A.34",18295,2020,"PV956488"
"PRRSV2/USA/IA/vivid.FTSLOP/2020","IA","USA","1A","1A.34",18591,2020,"PV956878"
"PRRSV2/USA/IA/vivid.79557/2025","IA","USA","1A","1A.34",20118,2025,"PV956434"
"PRRSV2/USA/IA/vivid.HAHKTA/2020","IA","USA","1A","1A.34",18618,2020,"PV956446"
"PRRSV2/USA/IL/vivid.74510/2022","IL","USA","1A","1A.34",19122,2022,"PV956566"
"PRRSV2/USA/IL/vivid.75396/2024","IL","USA","1A","1A.34",19775,2024,"PV956419"
"USA/IL/vivid.68390/2024","IL","USA","1A","1A.34",19775,2024,NA
"USA/IL/vivid.69224/2024","IL","USA","1A","1A.34",19866,2024,NA
"PRRSV2/vivid.59762/2022/L1A/1A.34",NA,"USA","1A","1A.34",19291,2022,NA
"PRRSV2/USA/IA/vivid.77219/2024","IA","USA","1A","1A.33",19928,2024,"PV957018"
"IA|vivid.81224|2024","IA","USA","1A","1A.33",19928,2024,NA
"IN_vivid.88462_2026","IN","USA","1A","1A.33",20553,2026,NA
"PRRSV2/USA/IN/vivid.77841/2024","IN","USA","1A","1A.33",19989,2024,"PV956408"
"PRRSV2/USA/OH/USSPD/PRRSV/swine/Ohio/79230/2021/2021","OH","USA","1A","1A.33",18877,2021,"USSPD/PRRSV/swine/Ohio/79230/2021"
"PRRSV2/USA/OH/vivid.62989/2023","OH","USA","1A","1A.33",19626,2023,"PV957419"
"PRRSV2/USA/OH/vivid.60484/2022","OH","USA","1A","1A.33",19353,2022,"PV956584"
"USA/IA/vivid.WLGPZR/2020","IA","USA","1A","1A.33",18586,2020,NA
"USSPD/PRRSV/swine/North_Carolina/77466/2021","NC","USA","1A","1A.32",18872,2021,NA
"USSPD/PRRSV/swine/North_Carolina/65568/2021","NC","USA","1A","1A.32",18823,2021,NA
"USA/NC/vivid.68328/2024","NC","USA","1A","1A.32",19766,2024,NA
"PRRSV2/USA/NC/vivid.ZOZSEE/2020/L1A/1A.32","NC","USA","1A","1A.32",18568,2020,NA
"USA/NC/vivid.66370/2023","NC","USA","1A","1A.32",19710,2023,NA
"PRRSV2/USA/SC/vivid.GEWOKV/2020","SC","USA","1A","1A.32",18310,2020,"PV957931"
"PRRSV2/USA/SC/vivid.HKLEEN/2020","SC","USA","1A","1A.32",18311,2020,"PV956575"
"PRRSV2/USA/NC/vivid.BMHTEY/2020","NC","USA","1A","1A.31",18290,2020,"PV957530"
"USA/NC/vivid.UNNBOM/2019","NC","USA","1A","1A.31",18051,2019,NA
"PRRSV2/USA/NC/vivid.HSDTSL/2019","NC","USA","1A","1A.31",18044,2019,"PV956522"
"USA/NC/vivid.RZFKGQ/2020","NC","USA","1A","1A.31",18311,2020,NA
"PRRSV2/USA/NC/vivid.52776/2021","NC","USA","1A","1A.31",18885,2021,"PV956906"
"PRRSV2/USA/NC/vivid.UZNAPQ/2019","NC","USA","1A","1A.31",18233,2019,"PV957237"
"PRRSV2/USA/NC/vivid.53724/2022","NC","USA","1A","1A.31",19030,2022,"PV956413"
"PRRSV2/USA/NC/vivid.52263/2021","NC","USA","1A","1A.31",18891,2021,"PV957838"
"PRRSV2/USA/NC/vivid.OPZVPX/2019","NC","USA","1A","1A.31",18226,2019,"PV956801"
"PRRSV2/USA/NC/vivid.53468/2022","NC","USA","1A","1A.31",19031,2022,"PV956471"
"PRRSV2/USA/IA/vivid.NSCFBN/2021","IA","USA","1H","1H.26",18660,2021,NA
"PRRSV2/USA/KS/vivid.EFVNRB/2020","KS","USA","1H","1H.26",18565,2020,"PV957449"
"PRRSV2/USA/KS/vivid.QHYUUP/2019","KS","USA","1H","1H.26",18240,2019,"PV957566"
"PRRSV2/USA/KS/vivid.RIYZGS/2019","KS","USA","1H","1H.26",18240,2019,"PV957463"
"PRRSV2/USA/KS/vivid.NLBICQ/2019","KS","USA","1H","1H.26",18200,2019,"PV957166"
"PRRSV2/USA/OK/vivid.XMLMPE/2019","OK","USA","1H","1H.26",18124,2019,"PV956515"
"PRRSV2/USA/OK/vivid.IIJASG/2020","OK","USA","1H","1H.26",18501,2020,NA
"PRRSV2/USA/OK/vivid.KCZJUK/2019","OK","USA","1H","1H.26",18124,2019,"PV957917"
"USA/OK/vivid.SSOETE/2019","OK","USA","1H","1H.26",18129,2019,NA
"PRRSV2/USA/IA/vivid.ASCQBE/2020","IA","USA","1H","1H.25",18424,2020,"PV957692"
"PRRSV2/USA/IA/vivid.KRJJBQ/2021","IA","USA","1H","1H.25",18765,2021,"PV957959"
"PRRSV2/USA/IA/vivid.NJRHQJ/2020","IA","USA","1H","1H.25",18484,2020,"PV957850"
"PRRSV2/USA/MN/vivid.ZBZBMO/2021","MN","USA","1H","1H.25",18733,2021,"PV957799"
"PRRSV2/USA/MN/vivid.XWJTYF/2021","MN","USA","1H","1H.25",18733,2021,"PV957953"
"PRRSV2/USA/NE/USSPD/PRRSV/swine/Nebraska/93699/2021/2021","NE","USA","1A","1A.30",18925,2021,"USSPD/PRRSV/swine/Nebraska/93699/2021"
"PRRSV2/vivid.r187/2019","NE","USA","1A","1A.30",17941,2019,"PV956948"
"PRRSV2/vivid.r194/2020","NE","USA","1A","1A.30",18397,2020,"PV957116"
"PRRSV2/vivid.r181/2018","NE","USA","1A","1A.30",17613,2018,"PV957535"
"PRRSV2/vivid.r191/2020","MN","USA","1A","1A.30",18292,2020,"PV957828"
"PRRSV2/USA/MZ304012",NA,"USA","1A","1A.30",17697,2018,"MZ304012"
"PRRSV2/USA/IA/vivid.TXINET/2021","IA","USA","1B","1B.17",18739,2021,"PV957258"
"PRRSV2/USA/MN/vivid.53603/2022","MN","USA","1C","1C.21",19052,2022,"PV956344"
"PRRSV2/USA/MN/vivid.RQIVRK/2020","MN","USA","1C","1C.21",18576,2020,"PV957686"
"PRRSV2/USA/MN/vivid.74803/2022","MN","USA","1C","1C.21",19310,2022,"PV957897"
"PRRSV2/USA/MN/vivid.53604/2022","MN","USA","1C","1C.21",19052,2022,"PV956825"
"PRRSV2/USA/MN/vivid.GZRNEW/2019/L1A/1A.29","MN","USA","1A","1A.29",17984,2019,NA
"PRRSV2/vivid.XBUPJX/2019/L1A/1A.29",NA,"USA","1A","1A.29",18038,2019,NA
"PRRSV2/USA/IA/vivid.DFYWOH/2019","IA","USA","1A","1A.28",18093,2019,"PV957235"
"USA/IA/vivid.PGZUGM/2019","IA","USA","1A","1A.28",18005,2019,NA
"PRRSV2/USA/IA/vivid.QJCAYG/2020","IA","USA","1A","1A.28",18289,2020,"PV957631"
"PRRSV2/USA/IA/vivid.OWXMCN/2021","IA","USA","1A","1A.28",18709,2021,"PV957732"
"PRRSV2/USA/IA/vivid.52497/2021","IA","USA","1A","1A.28",18940,2021,"PV957626"
"PRRSV2/USA/IN/vivid.60475/2022/L1A/1A.28","IN","USA","1A","1A.28",19348,2022,NA
"PRRSV2/USA/MN/USSPD/PRRSV/swine/Minnesota/98233/2021/2021","MN","USA","1A","1A.28",18940,2021,"USSPD/PRRSV/swine/Minnesota/98233/2021"
"USSPD/PRRSV/swine/Ohio/98948/2021",NA,"USA","1A","1A.28",18942,2021,NA
"PRRSV2/USA/OH/vivid.TKJXXB/2020","OH","USA","1A","1A.28",18354,2020,"PV957111"
"PRRSV2/USA/OH/vivid.56486/2022","OH","USA","1A","1A.28",19081,2022,"PV957739"
"PRRSV2/USA/SD/vivid.ZORKNU/2019","SD","USA","1A","1A.28",18236,2019,"PV957919"
"IN|vivid.81151|2024","IN","USA","1A","1A.28",19920,2024,NA
"PRRSV2/USA/IA/vivid.57536/2022","IA","USA","1H","1H.23",19153,2022,"PV957342"
"PRRSV2/USA/IA/vivid.53549/2022","IA","USA","1H","1H.23",19040,2022,"PV956670"
"PRRSV2/USA/IL/vivid.WPSFTO/2021","IL","USA","1H","1H.23",18773,2021,"PV956580"
"PRRSV2/USA/IL/vivid.IBKHEM/2020/L1H/1H.23","IL","USA","1H","1H.23",18347,2020,NA
"PRRSV2/USA/IL/vivid.USULVZ/2021","IL","USA","1H","1H.23",18747,2021,"PV956643"
"PRRSV2/USA/IL/vivid.74188/2021","IL","USA","1H","1H.23",18878,2021,"PV958018"
"PRRSV2/USA/IA/USSPD/PRRSV/swine/Iowa/95524/2021/2021","IA","USA","1H","1H.23",18929,2021,"USSPD/PRRSV/swine/Iowa/95524/2021"
"PRRSV2/USA/IL/OR293721/2021","IL","USA","1H","1H.23",18939,2021,"OR293721"
"PRRSV2/USA/IA/vivid.FTMJUF/2019","IA","USA","1A","1A.27",18060,2019,"PV957389"
"PRRSV2/USA/IL/vivid.TJFTCC/2019","IL","USA","1A","1A.27",18005,2019,"PV956789"
"PRRSV2/USA/IL/vivid.WIKLFG/2019","IL","USA","1A","1A.27",17924,2019,"PV956960"
"PRRSV2/USA/IL/vivid.RTRNCS/2019","IL","USA","1A","1A.27",18051,2019,"PV957996"
"PRRSV2/USA/IL/vivid.NRADKK/2020","IL","USA","1A","1A.27",18584,2020,"PV956726"
"PRRSV2/USA/IL/vivid.EWOSLD/2020","IL","USA","1A","1A.27",18584,2020,"PV957437"
"PRRSV2/vivid.r193/2020","NE","USA","1A","1A.26",18376,2020,"PV956567"
"USSPD/PRRSV/swine/Nebraska/63711/2021","NE","USA","1A","1A.26",18822,2021,NA
"PRRSV2/USA/NE/vivid.UCNFYY/2021","NE","USA","1A","1A.26",18661,2021,"PV957483"
"PRRSV2/USA/OK/vivid.WRDFGM/2018","OK","USA","1H","1H.22",17884,2018,"PV957507"
"PRRSV2/USA/OK/vivid.FNWNLW/2019","OK","USA","1H","1H.22",17946,2019,"PV957410"
"PRRSV2/USA/OK/vivid.REVMZB/2019","OK","USA","1H","1H.22",17956,2019,"PV957641"
"PRRSV2/USA/OK/vivid.DRBHYH/2019","OK","USA","1H","1H.22",18219,2019,"PV956639"
"PRRSV2/USA/OK/vivid.LVSWDP/2019","OK","USA","1H","1H.22",17949,2019,"PV956829"
"PRRSV2/USA/OK/vivid.HZEQQH/2019","OK","USA","1H","1H.22",18114,2019,"PV957674"
"PRRSV2/USA/OK/vivid.FTHNCQ/2019","OK","USA","1H","1H.22",17981,2019,"PV956652"
"PRRSV2/USA/IL/vivid.YVDCTT/2019","IL","USA","1A","1A.25",18233,2019,"PV956914"
"PRRSV2/USA/IL/vivid.YSMIVI/2019","IL","USA","1A","1A.25",18227,2019,"PV956841"
"PRRSV2/USA/IL/vivid.VIBRZZ/2019","IL","USA","1A","1A.25",18233,2019,"PV957759"
"PRRSV2/USA/IL/vivid.53137/2022","IL","USA","1A","1A.25",18999,2022,"PV957241"
"PRRSV2/USA/IL/vivid.IAUMUN/2021","IL","USA","1A","1A.25",18843,2021,"PV957348"
"PRRSV2/USA/IL/vivid.51985/2021","IL","USA","1A","1A.25",18843,2021,"PV956477"
"USSPD/PRRSV/swine/Ohio/68959/2021",NA,"USA","1A","1A.25",18843,2021,NA
"PRRSV2/USA/IA/USSPD/PRRSV/swine/Iowa/110698/2021/2021","IA","USA","1A","1A.25",18981,2021,"USSPD/PRRSV/swine/Iowa/110698/2021"
"PRRSV2/vivid.LHLGTT/2021/L1A/1A.24",NA,"USA","1A","1A.24",18705,2021,NA
"PRRSV2/USA/NC/vivid.DQCRLP/2021","NC","USA","1A","1A.24",18656,2021,"PV957510"
"PRRSV2/USA/NC/vivid.AVLPSW/2021","NC","USA","1A","1A.24",18758,2021,"PV956620"
"PRRSV2/USA/NC/vivid.YBYMFF/2021","NC","USA","1A","1A.24",18708,2021,"PV957769"
"PRRSV2/USA/NC/vivid.GYUYLM/2021","NC","USA","1A","1A.24",18759,2021,"PV956587"
"PRRSV2/USA/NC/vivid.OEMKBD/2021","NC","USA","1A","1A.24",18745,2021,"PV957548"
"PRRSV2/USA/IA/vivid.LGYMIG/2020","IA","USA","1A","1A.23",18562,2020,"PV956710"
"PRRSV2/USA/IA/vivid.EXVAUI/2020","IA","USA","1A","1A.23",18562,2020,"PV958010"
"PRRSV2/USA/IA/vivid.57445/2022","IA","USA","1A","1A.23",19139,2022,"PV956668"
"PRRSV2/USA/IA/vivid.STKYAF/2020","IA","USA","1A","1A.23",18551,2020,"PV957788"
"PRRSV2/USA/IA/vivid.UTDFDK/2020","IA","USA","1A","1A.23",18569,2020,"PV956904"
"PRRSV2/USA/IA/USSPD/PRRSV/swine/Iowa/90491/2021/2021","IA","USA","1A","1A.23",18913,2021,"USSPD/PRRSV/swine/Iowa/90491/2021"
"PRRSV2/USA/SD/vivid.57021/2022","SD","USA","1A","1A.23",19110,2022,"PV956634"
"PRRSV2/USA/NC/vivid.AXHDHX/2020","NC","USA","1A","1A.22",18625,2020,"PV956833"
"PRRSV2/USA/NC/vivid.RMKTHM/2021","NC","USA","1A","1A.22",18638,2021,"PV956982"
"PRRSV2/USA/NC/vivid.NAKVWT/2021","NC","USA","1A","1A.22",18638,2021,"PV957995"
"PRRSV2/USA/SD/vivid.SAJYXI/2020","SD","USA","1A","1A.21",18474,2020,"PV956621"
"PRRSV2/USA/SD/vivid.HXJNZX/2020","SD","USA","1A","1A.21",18537,2020,NA
"PRRSV2/USA/SD/vivid.TULRKM/2018","SD","USA","1A","1A.21",17856,2018,"PV957205"
"PRRSV2/USA/SD/vivid.DPUYBL/2020","SD","USA","1A","1A.21",18577,2020,"PV958013"
"PRRSV2/USA/SD/vivid.RYUBZO/2020","SD","USA","1A","1A.21",18571,2020,"PV956617"
"PRRSV2/USA/IA/vivid.HKFKQY/2021","IA","USA","1A","1A.20",18698,2021,"PV957233"
"PRRSV2/vivid.r175/2018","MN","USA","1A","1A.20",17554,2018,"PV957511"
"PRRSV2/vivid.r186/2019","MN","USA","1A","1A.20",17924,2019,"PV957207"
"PRRSV2/vivid.r173/2017","MN","USA","1A","1A.20",17511,2017,"PV956869"
"PRRSV2/vivid.r176/2018","MN","USA","1A","1A.20",17568,2018,"PV957004"
"PRRSV2/vivid.r189/2019","MN","USA","1A","1A.20",17960,2019,"PV957497"
"PRRSV2/vivid.r170/2017","MN","USA","1A","1A.19",17302,2017,"PV957330"
"PRRSV2/vivid.r178/2018","MN","USA","1A","1A.19",17576,2018,"PV957622"
"PRRSV2/vivid.r166/2017","MN","USA","1A","1A.19",17252,2017,"PV957448"
"PRRSV2/vivid.r171/2017","MN","USA","1A","1A.19",17417,2017,"PV957749"
"PRRSV2/USA/MZ303996",NA,"USA","1A","1A.19",16967,2016,"MZ303996"
"PRRSV2/USA/MZ304016",NA,"USA","1A","1A.19",17697,2018,"MZ304016"
"PRRSV2/USA/MZ304007",NA,"USA","1A","1A.19",17332,2017,"MZ304007"
"PRRSV2/USA/MZ304009",NA,"USA","1A","1A.19",17332,2017,"MZ304009"
"USA/IA/vivid.IZJSIV/2018","IA","USA","1A","1A.19",17765,2018,NA
"CAN/vivid.5281/2020","CAN","CAN","1A","1A.18",18338,2020,NA
"PRRSV2/USA/IA/vivid.BLIJKH/2018","IA","USA","1A","1A.18",17835,2018,"PV957657"
"PRRSV2/USA/IA/vivid.TMBMML/2018","IA","USA","1A","1A.18",17886,2018,"PV957767"
"PRRSV2/USA/IA/vivid.IJBPCE/2021","IA","USA","1A","1A.18",18737,2021,"PV957341"
"PRRSV2/USA/IA/vivid.FQBHIV/2021","IA","USA","1A","1A.18",18814,2021,"PV956393"
"USA/IL/vivid.TWRFXA/2019","IL","USA","1A","1A.18",17914,2019,NA
"PRRSV2/USA/IL/vivid.FCKTXV/2018","IL","USA","1A","1A.18",17892,2018,"PV958049"
"PRRSV2/USA/IL/vivid.LVRCQD/2020","IL","USA","1A","1A.18",18267,2020,"PV956900"
"PRRSV2/USA/IN/vivid.76123/2024","IN","USA","1A","1A.18",19914,2024,"PV956756"
"IN|vivid.81092|2024","IN","USA","1A","1A.18",19914,2024,NA
"PRRSV2/USA/MO/vivid.74212/2021","MO","USA","1A","1A.18",18899,2021,"PV958076"
"USA/MO/vivid.CCRJMW/2021","MO","USA","1A","1A.18",18669,2021,NA
"USSPD/PRRSV/swine/Illinois/76963/2021","IL","USA","1A","1A.18",18869,2021,NA
"USA/NC/vivid.58627/2022","NC","USA","1A","1A.17",19075,2022,NA
"USA/NC/vivid.EQSNNX/2019","NC","USA","1A","1A.17",17984,2019,NA
"PRRSV2/USA/NC/vivid.EDDXZW/2018","NC","USA","1A","1A.17",17554,2018,"PV956595"
"PRRSV2/USA/NC/vivid.QRFFWU/2018","NC","USA","1A","1A.17",17640,2018,"PV957540"
"USA/NC/vivid.TCMTOX/2018","NC","USA","1A","1A.17",17640,2018,NA
"PRRSV2/USA/NC/vivid.52125/2021","NC","USA","1A","1A.17",18865,2021,NA
"PRRSV2/USA/NC/vivid.WKPDHL/2019","NC","USA","1A","1A.17",18059,2019,"PV957947"
"PRRSV2/USA/NC/vivid.VUFMEL/2021","NC","USA","1A","1A.17",18865,2021,"PV957120"
"USA/NC/vivid.52126/2021","NC","USA","1A","1A.17",18865,2021,NA
"PRRSV2/USA/NC/vivid.VZAJNX/2019","NC","USA","1A","1A.17",18242,2019,"PV957144"
"USA/NC/vivid.XEUZQU/2018","NC","USA","1A","1A.16",17654,2018,NA
"USA/NC/vivid.URDQUE/2018","NC","USA","1A","1A.16",17688,2018,NA
"PRRSV2/USA/NC/vivid.HSJHOJ/2018","NC","USA","1A","1A.16",17654,2018,"PV956654"
"PRRSV2/USA/NC/vivid.LCLAEO/2018","NC","USA","1A","1A.16",17655,2018,"PV957150"
"PRRSV2/USA/NC/vivid.XPYYZN/2018","NC","USA","1A","1A.16",17688,2018,"PV957403"
"PRRSV2/USA/NC/vivid.WUXTXU/2018","NC","USA","1A","1A.16",17655,2018,"PV956529"
"PRRSV2/USA/NC/vivid.VSGKMG/2018","NC","USA","1A","1A.16",17641,2018,"PV957031"
"USA/NC/vivid.OOXJDE/2018","NC","USA","1A","1A.16",17654,2018,NA
"PRRSV2/USA/NC/vivid.YKDCPT/2018","NC","USA","1A","1A.16",17655,2018,"PV957523"
"USA/NC/vivid.KUVMGW/2018","NC","USA","1A","1A.16",17641,2018,NA
"PRRSV2/USA/NC/vivid.AKPFYN/2018","NC","USA","1A","1A.15",17634,2018,"PV957800"
"PRRSV2/USA/NC/vivid.DVFFHV/2018","NC","USA","1A","1A.15",17634,2018,"PV956392"
"PRRSV2/USA/NC/vivid.ULBSWX/2018","NC","USA","1A","1A.15",17582,2018,"PV957890"
"PRRSV2/USA/NC/vivid.OKFNZY/2018","NC","USA","1A","1A.15",17634,2018,"PV956683"
"PRRSV2/USA/NC/vivid.GEJZRF/2018","NC","USA","1A","1A.15",17634,2018,"PV958050"
"PRRSV2/USA/NC/vivid.KRPNQW/2018","NC","USA","1A","1A.15",17634,2018,"PV957488"
"PRRSV2/USA/NC/vivid.PIDEZK/2018","NC","USA","1A","1A.15",17582,2018,"PV957393"
"PRRSV2/USA/NC/vivid.LLCMDY/2018","NC","USA","1A","1A.15",17582,2018,"PV956649"
"PRRSV2/USA/NC/vivid.MBFJJL/2018","NC","USA","1A","1A.15",17634,2018,"PV956676"
"PRRSV2/USA/IA/vivid.EHABUA/2019","IA","USA","1H","1H.21",18243,2019,"PV957363"
"PRRSV2/USA/IA/vivid.61707/2023","IA","USA","1H","1H.21",19445,2023,"PV957526"
"PRRSV2/USA/IA/vivid.79414/2025","IA","USA","1H","1H.21",20102,2025,"PV958071"
"USA/IL/vivid.DQXNOB/2018","IL","USA","1H","1H.21",17569,2018,NA
"PRRSV2/USA/IL/vivid.KOVJMZ/2019","IL","USA","1H","1H.21",18131,2019,"PV956916"
"USA/IL/vivid.62657/2023","IL","USA","1H","1H.21",19531,2023,NA
"PRRSV2/USA/IL/vivid.FIVIJS/2021","IL","USA","1H","1H.21",18702,2021,"PV957344"
"USA/vivid.ZJGOCW/2018",NA,"USA","1H","1H.21",17668,2018,NA
"USA/vivid.ALOFVW/2018",NA,"USA","1H","1H.21",17661,2018,NA
"USSPD/PRRSV/swine/Illinois/75128/2021","IL","USA","1H","1H.21",18863,2021,NA
"PRRSV2/USA/IL/USSPD/PRRSV/swine/Illinois/73622/2021/2021","IL","USA","1H","1H.21",18857,2021,"USSPD/PRRSV/swine/Illinois/73622/2021"
"PRRSV2/USA/MO/vivid.WJEMIF/2018","MO","USA","1H","1H.20",17799,2018,"PV957445"
"PRRSV2/USA/OK/vivid.QEHIDW/2018","OK","USA","1H","1H.20",17794,2018,"PV957713"
"PRRSV2/USA/IA/vivid.BWDATT/2018","IA","USA","1H","1H.19",17722,2018,"PV957718"
"PRRSV2/USA/MN/vivid.ASIBVP/2018","MN","USA","1H","1H.19",17726,2018,"PV956745"
"PRRSV2/USA/NC/vivid.MGGKCP/2020","NC","USA","1A","1A.14",18263,2020,"PV957689"
"PRRSV2/USA/NC/vivid.EZEKTY/2018","NC","USA","1A","1A.14",17584,2018,"PV957009"
"PRRSV2/USA/NC/vivid.JOFSPG/2018","NC","USA","1A","1A.14",17584,2018,"PV957200"
"PRRSV2/USA/NC/vivid.DUNJSJ/2018","NC","USA","1A","1A.14",17546,2018,"PV956523"
"PRRSV2/USA/NC/vivid.BWSAAG/2018","NC","USA","1A","1A.14",17584,2018,"PV957914"
"PRRSV2/USA/IA/vivid.52291/2021","IA","USA","1A","1A.13",18898,2021,"PV957277"
"PRRSV2/USA/IA/vivid.ACTPWL/2020","IA","USA","1A","1A.13",18572,2020,"PV956432"
"PRRSV2/USA/IA/vivid.74190/2021","IA","USA","1A","1A.13",18879,2021,"PV957360"
"PRRSV2/USA/NE/vivid.BWHGZL/2021","NE","USA","1A","1A.13",18730,2021,"PV957164"
"PRRSV2/USA/NE/vivid.56445/2022","NE","USA","1A","1A.13",19069,2022,NA
"PRRSV2/USA/IA/vivid.74474/2022","IA","USA","1A","1A.13",19094,2022,"PV957347"
"PRRSV2/USA/MN498710",NA,"USA","1A","1A.12",17332,2017,"MN498710"
"PRRSV2/USA/MN501695",NA,"USA","1A","1A.12",17332,2017,"MN501695"
"PRRSV2/USA/MN500678",NA,"USA","1A","1A.12",17332,2017,"MN500678"
"PRRSV2/USA/MN500695",NA,"USA","1A","1A.12",17332,2017,"MN500695"
"PRRSV2/USA/IN/vivid.52498/2021","IN","USA","1A","1A.11",18940,2021,"PV957160"
"PRRSV2/USA/IN/USSPD/PRRSV/swine/Indiana/64574/2021/2021","IN","USA","1A","1A.11",18828,2021,"USSPD/PRRSV/swine/Indiana/64574/2021"
"USSPD/PRRSV/swine/Ohio/90066/2021",NA,"USA","1A","1A.11",18904,2021,NA
"PRRSV2/USA/OH/USSPD/PRRSV/swine/Ohio/101882/2021/2021","OH","USA","1A","1A.11",18950,2021,"USSPD/PRRSV/swine/Ohio/101882/2021"
"PRRSV2/USA/OH/USSPD/PRRSV/swine/Ohio/98234/2021/2021","OH","USA","1A","1A.11",18940,2021,"USSPD/PRRSV/swine/Ohio/98234/2021"
"PRRSV2/USA/OH/vivid.SRZIFB/2020","OH","USA","1A","1A.11",18589,2020,"PV956747"
"PRRSV2/USA/OH/vivid.74228/2021","OH","USA","1A","1A.11",18913,2021,"PV956857"
"PRRSV2/USA/IA/vivid.84799/2025","IA","USA","1A","1A.11",20367,2025,NA
"PRRSV2/USA/MN/vivid.GNMRBZ/2020","MN","USA","1H","1H.18",18557,2020,"PV957869"
"PRRSV2/USA/NC/vivid.XYVBAS/2019","NC","USA","1A","1A.10",18057,2019,"PV957831"
"PRRSV2/USA/NC/vivid.YDOWEV/2019","NC","USA","1A","1A.10",18060,2019,"PV957039"
"PRRSV2/USA/NC/vivid.AJAJCD/2019","NC","USA","1A","1A.10",18053,2019,"PV956697"
"PRRSV2/USA/IA/vivid.51808/2021","IA","USA","1A","1A.9",18809,2021,"PV957927"
"PRRSV2/USA/IA/vivid.OKTQQF/2021","IA","USA","1A","1A.9",18809,2021,"PV957371"
"PRRSV2/USA/IA/vivid.GBWWAU/2020","IA","USA","1A","1A.9",18309,2020,"PV957368"
"PRRSV2/USA/IA/vivid.BHJEZR/2019","IA","USA","1A","1A.9",17924,2019,"PV956330"
"PRRSV2/USA/IA/USSPD/PRRSV/swine/Iowa/80469/2021/2021","IA","USA","1A","1A.9",18883,2021,"USSPD/PRRSV/swine/Iowa/80469/2021"
"PRRSV2/USA/IA/vivid.VYVUYW/2019","IA","USA","1A","1A.8",18261,2019,"PV956872"
"PRRSV2/USA/IL/vivid.IWGLOL/2019","IL","USA","1A","1A.8",18018,2019,"PV957518"
"PRRSV2/USA/IL/vivid.GIONUZ/2019","IL","USA","1A","1A.8",18114,2019,"PV957711"
"PRRSV2/USA/MN/vivid.51931/2021","MN","USA","1A","1A.8",18831,2021,"PV957377"
"PRRSV2/USA/MN/vivid.FKETMA/2021","MN","USA","1A","1A.8",18831,2021,"PV956528"
"PRRSV2/USA/MO/vivid.CYHZLX/2019","MO","USA","1A","1A.8",17998,2019,"PV957690"
"PRRSV2/USA/MO/vivid.FRJVEN/2018","MO","USA","1A","1A.8",17779,2018,"PV957390"
"PRRSV2/vivid.FKSPDA/2018/L1A/1A.8",NA,"USA","1A","1A.8",17620,2018,NA
"USA/vivid.MXNPTB/2019",NA,"USA","1A","1A.8",18260,2019,NA
"PRRSV2/USA/MO/USSPD/PRRSV/swine/Missouri/60609/2021/2021","MO","USA","1A","1A.8",18814,2021,"USSPD/PRRSV/swine/Missouri/60609/2021"
"PRRSV2/USA/IA/vivid.KYJTGH/2018","IA","USA","1H","1H.17",17534,2018,"PV957911"
"PRRSV2/USA/IA/vivid.XZIKJT/2021","IA","USA","1H","1H.17",18754,2021,"PV956939"
"PRRSV2/USA/IA/vivid.LVKKLB/2020","IA","USA","1H","1H.17",18478,2020,"PV956447"
"PRRSV2/USA/IA/vivid.WFHIEP/2020","IA","USA","1H","1H.17",18598,2020,"PV957894"
"PRRSV2/USA/MN/vivid.FTFYVK/2019","MN","USA","1H","1H.17",18158,2019,"PV957855"
"PRRSV2/USA/MN/vivid.OHEEXH/2018","MN","USA","1H","1H.17",17808,2018,"PV956526"
"PRRSV2/vivid.52921/2022/L1H/1H.17",NA,"USA","1H","1H.17",18998,2022,NA
"PRRSV2/USA/IA/USSPD/PRRSV/swine/Iowa/100822/2021/2021","IA","USA","1H","1H.17",18947,2021,"USSPD/PRRSV/swine/Iowa/100822/2021"
"USSPD/PRRSV/swine/Iowa/109332/2021","IA","USA","1H","1H.17",18976,2021,NA
"PRRSV2/USA/IA/vivid.HOWTSZ/2020","IA","USA","1A","1A.7",18626,2020,"PV957877"
"PRRSV2/USA/IA/vivid.NEOIVO/2019","IA","USA","1A","1A.7",18241,2019,"PV956918"
"PRRSV2/USA/IA/vivid.NRWAJR/2021","IA","USA","1A","1A.7",18767,2021,"PV957139"
"PRRSV2/USA/IA/vivid.ZLJOKV/2021","IA","USA","1A","1A.7",18724,2021,"PV956301"
"PRRSV2/USA/MN/vivid.VSTWTV/2021","MN","USA","1A","1A.7",18655,2021,"PV957721"
"PRRSV2/USA/SD/vivid.RUJJQU/2020","SD","USA","1A","1A.7",18627,2020,"PV957909"
"PRRSV2/USA/IA/vivid.NZVEYV/2018","IA","USA","1C","1C.18",17889,2018,"PV957584"
"PRRSV2/USA/IA/vivid.HMBREZ/2019","IA","USA","1C","1C.18",17998,2019,"PV957781"
"PRRSV2/USA/MN/vivid.ZHEAKT/2019","MN","USA","1C","1C.18",17961,2019,"PV957398"
"PRRSV2/USA/MN/vivid.PIPQTB/2020","MN","USA","1C","1C.18",18297,2020,"PV957797"
"PRRSV2/USA/IA/vivid.TVABGO/2018","IA","USA","1A","1A.6",17736,2018,"PV956925"
"PRRSV2/vivid.r185/2018","OH","USA","1A","1A.6",17878,2018,"PV957122"
"PRRSV2/vivid.r184/2018","OH","USA","1A","1A.6",17878,2018,"PV956707"
"PRRSV2/USA/IA/vivid.61686/2023/L1F/1F.1","IA","USA","1F","1F.1",19440,2023,NA
"PRRSV2/USA/IA/vivid.61458/2023","IA","USA","1F","1F.1",19422,2023,"PV956495"
"PRRSV2/vivid.JEXFPK/2018/L1F/1F.1",NA,"USA","1F","1F.1",17834,2018,NA
"PRRSV2/USA/IA/OR293680/2015/L1F/1F.1","IA","USA","1F","1F.1",16601,2015,NA
"OR293682.1/USA/IL/82892_1/2021","IL","USA","1F","1F.1",18890,2021,NA
"OR293682/USA/IL/82892-1/2021/2021/USA_IL/1-8-4/L1F","IL","USA","1F","1F.1",18793,2021,NA
"USA/VA/vivid.TNGIDJ/2018","VA","USA","1F","1F.1",17830,2018,NA
"USA/VA/vivid.RGJLWW/2018","VA","USA","1F","1F.1",17830,2018,NA
"PRRSV2/USA/IA_vivid.85591_2025","IA","USA","1F","1F.1",20406,2025,NA
"PRRSV2/USA/IA_vivid.85038_2025","IA","USA","1F","1F.1",20376,2025,NA
"PRRSV2/USA/IA/vivid.MZSDYW/2019","IA","USA","1A","1A.5",18242,2019,"PV956924"
"PRRSV2/USA/IA/vivid.LDJANY/2020","IA","USA","1A","1A.5",18472,2020,"PV957704"
"PRRSV2/USA/IA/vivid.61799/2023","IA","USA","1A","1A.5",19460,2023,"PV956418"
"USA/IL/vivid.ZMVUCM/2020","IL","USA","1A","1A.5",18597,2020,NA
"PRRSV2/USA/IL/vivid.ESMJYX/2021","IL","USA","1A","1A.5",18663,2021,"PV956772"
"IL_vivid.88385_2026","IL","USA","1A","1A.5",20551,2026,NA
"IL_vivid.86728_2026","IL","USA","1A","1A.5",20466,2026,NA
"USSPD/PRRSV/swine/Illinois/97455/2021","IL","USA","1A","1A.5",18932,2021,NA
"IA|vivid.83388|2025","IA","USA","1A","1A.5",20258,2025,NA
"IA|vivid.84611|2025","IA","USA","1A","1A.5",20346,2025,NA
"PRRSV2/USA/IA/vivid.WHBWPC/2019","IA","USA","1A","1A.4",18102,2019,"PV957295"
"PRRSV2/USA/NC/vivid.AQMBKR/2018","NC","USA","1A","1A.4",17870,2018,"PV956651"
"PRRSV2/USA/NC/vivid.GSHHPE/2018","NC","USA","1A","1A.4",17718,2018,"PV956327"
"PRRSV2/USA/NC/vivid.KREJPJ/2018","NC","USA","1A","1A.4",17836,2018,NA
"PRRSV2/USA/IL/vivid.CNMDWJ/2019","IL","USA","1A","1A.4",18103,2019,NA
"PRRSV2/USA/NC/vivid.MRVKDZ/2018","NC","USA","1A","1A.4",17801,2018,NA
"PRRSV2/USA/KS/vivid.VZIOVH/2018","KS","USA","1H","1H.15",17660,2018,NA
"PRRSV2/USA/OK/vivid.LBPMKW/2018","OK","USA","1H","1H.14",17639,2018,"PV957337"
"PRRSV2/USA/OK/vivid.KSXWTQ/2018","OK","USA","1H","1H.14",17759,2018,"PV957683"
"PRRSV2/USA/TX/vivid.OXYNRI/2018","TX","USA","1H","1H.14",17641,2018,"PV958059"
"PRRSV2/USA/IA/vivid.MUCZDQ/2016","IA","USA","1C","1C.17",16966,2016,NA
"PRRSV2/USA/IA/vivid.MHNZXH/2016","IA","USA","1C","1C.17",17028,2016,NA
"PRRSV2/USA/OH/vivid.MPVIPU/2018","OH","USA","1C","1C.17",17757,2018,"PV957479"
"PRRSV2/USA/IN/vivid.68358/2024","IN","USA","1H","1H.13",19768,2024,"PV957900"
"PRRSV2/USA/IN/vivid.69239/2024","IN","USA","1H","1H.13",19864,2024,"PV956677"
"PRRSV2/USA/IN/vivid.75367/2024","IN","USA","1H","1H.13",19768,2024,"PV957556"
"PRRSV2/USA/IN/vivid.82195/2025","IN","USA","1H","1H.13",20193,2025,NA
"PRRSV2/USA/IN/vivid.75107/2023","IN","USA","1H","1H.13",19650,2023,"PV956338"
"IN|vivid.81466|2024","IN","USA","1H","1H.13",19963,2024,NA
"PRRSV2/USA/MI/vivid.69073/2024","MI","USA","1H","1H.13",19844,2024,"PV957608"
"PRRSV2/USA/MI/vivid.75103/2023","MI","USA","1H","1H.13",19643,2023,"PV957322"
"PRRSV2/USA/MI/vivid.69175/2024","MI","USA","1H","1H.13",19857,2024,"PV956845"
"PRRSV2/USA/MI/vivid.69161/2024","MI","USA","1H","1H.13",19852,2024,"PV956656"
"MI|vivid.81465|2024","MI","USA","1H","1H.13",19963,2024,NA
"MI|vivid.81129|2024","MI","USA","1H","1H.13",19915,2024,NA
"USA/TX/vivid.59264/2022","TX","USA","1H","1H.12",18998,2022,NA
"USA/TX/vivid.BZBFWB/2017","TX","USA","1H","1H.12",17312,2017,NA
"USA/TX/vivid.HELPSZ/2018","TX","USA","1H","1H.12",17645,2018,NA
"USA/TX/vivid.57178/2022","TX","USA","1H","1H.12",19096,2022,NA
"PRRSV2/USA/TX/vivid.GRDDCO/2021","TX","USA","1H","1H.12",18648,2021,"PV956698"
"OK_vivid.86756_2026","OK","USA","1H","1H.12",20466,2026,NA
"OK_vivid.87148_2026","OK","USA","1H","1H.12",20494,2026,NA
"USA/IA/vivid.OGOASF/2020","IA","USA","1H","1H.11",18570,2020,NA
"IA_vivid.88367_2026","IA","USA","1C","1C.2",20550,2026,NA
"USA/IA/vivid.79987/2025","IA","USA","1C","1C.2",20139,2025,NA
"USA/IA/vivid.79852/2025","IA","USA","1C","1C.2",20145,2025,NA
"PRRSV2/USA/CO/OR293503/2021","CO","USA","1C","1C.2",18960,2021,"OR293503"
"USSPD/PRRSV/swine/Iowa/104695/2021","IA","USA","1C","1C.2",18961,2021,NA
"PRRSV2/USA/OK/vivid.WGYBBB/2019","OK","USA","1C","1C.2",17975,2019,"PV956926"
"IA|vivid.82247|2025","IA","USA","1C","1C.2",20201,2025,NA
"MN|vivid.82371|2025","MN","USA","1C","1C.2",20208,2025,NA
"|vivid.83165|2025","","USA","1C","1C.2",20220,2025,NA
"MN|vivid.83206|2025","MN","USA","1C","1C.2",20228,2025,NA
"PRRSV2/vivid.GIIKAU/2020/L1A/1A.2",NA,"USA","1A","1A.2",18613,2020,NA
"PRRSV2/USA/OK/vivid.81486/2024","OK","USA","1A","1A.2",19963,2024,NA
"OK_vivid.85031_2025","OK","USA","1A","1A.2",20377,2025,NA
"TX|vivid.80664|2024","TX","USA","1A","1A.2",19866,2024,NA
"OK_vivid.84981_2025","OK","USA","1A","1A.2",20375,2025,NA
"OK|vivid.81293|2024","OK","USA","1A","1A.2",19941,2024,NA
"IA|vivid.82575|2025","IA","USA","1A","1A.2",20209,2025,NA
"PRRSV2/USA/IA/vivid.83833/2025","IA","USA","1A","1A.2",20277,2025,NA
"IA_vivid.88366_2026","IA","USA","1A","1A.2",20546,2026,NA
"PRRSV2/USA/CO/vivid.77880/2024/L1H/1H.10","CO","USA","1H","1H.10",19996,2024,NA
"PRRSV2/USA/IA/vivid.YLKEGU/2019","IA","USA","1H","1H.10",18240,2019,"PV956352"
"PRRSV2/USA/IL/vivid.NKFXFW/2021","IL","USA","1H","1H.10",18751,2021,"PV957926"
"PRRSV2/USA/IL/vivid.KOMYNG/2021","IL","USA","1H","1H.10",18789,2021,"PV956557"
"PRRSV2/USA/KS/vivid.VLILMG/2019","KS","USA","1H","1H.10",18170,2019,"PV956404"
"USSPD/PRRSV/swine/Texas/103211/2021",NA,"USA","1H","1H.10",18961,2021,NA
"USSPD/PRRSV/swine/Colorado/100624/2021",NA,"USA","1H","1H.10",18946,2021,NA
"USA/OK/vivid.GKZYRO/2017","OK","USA","1H","1H.10",17464,2017,NA
"PRRSV2/USA/OK/vivid.JWIARN/2017","OK","USA","1H","1H.10",17359,2017,"PV957661"
"USA/TX/vivid.56846/2022","TX","USA","1H","1H.10",19019,2022,NA
"PRRSV2/USA/TX/vivid.58233/2022","TX","USA","1H","1H.10",19019,2022,"PV957310"
"USA/IA/vivid.KUNAOB/2020","IA","USA","1H","1H.9",18282,2020,NA
"PRRSV2/USA/IA/vivid.QIVRVI/2019","IA","USA","1H","1H.9",18157,2019,"PV956735"
"PRRSV2/USA/IA/USSPD/PRRSV/swine/Iowa/82891/2021/2021","IA","USA","1H","1H.9",18891,2021,"USSPD/PRRSV/swine/Iowa/82891/2021"
"PRRSV2/USA/IA/USSPD/PRRSV/swine/Iowa/61315/2021/2021","IA","USA","1H","1H.9",18820,2021,"USSPD/PRRSV/swine/Iowa/61315/2021"
"PRRSV2/USA/NE/USSPD/PRRSV/swine/Nebraska/78011/2021/2021","NE","USA","1H","1H.9",18872,2021,"USSPD/PRRSV/swine/Nebraska/78011/2021"
"PRRSV2/USA/NE/USSPD/PRRSV/swine/Nebraska/112596/2021/2021","NE","USA","1H","1H.9",18988,2021,"USSPD/PRRSV/swine/Nebraska/112596/2021"
"OR293720.1/USA/CO/91970_GG/2021","CO","USA","1H","1H.9",18918,2021,NA
"OR293719.1/USA/IA/91620_1/2021","IA","USA","1H","1H.9",18918,2021,NA
"PRRSV2/USA/CO/USSPD/PRRSV/swine/Colorado/91970/2021/2021","CO","USA","1H","1H.9",18918,2021,"USSPD/PRRSV/swine/Colorado/91970/2021"
"USSPD/PRRSV/swine/Kansas/110744/2021","KS","USA","1H","1H.9",18981,2021,NA
"PRRSV2/USA/KA/USSPD/PRRSV/swine/Kansas/93826/2021/2021","KS","USA","1H","1H.9",18925,2021,"USSPD/PRRSV/swine/Kansas/93826/2021"
"SD_vivid.88428_2026","SD","USA","1H","1H.9",20552,2026,NA
"NE_vivid.88613_2026","NE","USA","1H","1H.9",20558,2026,NA
"NE_vivid.88750_2026","NE","USA","1H","1H.9",20566,2026,NA
"PRRSV2/USA/KS/vivid.LQDRFK/2018","KS","USA","1H","1H.8",17648,2018,"PV956521"
"PRRSV2/USA/KS/vivid.DMOPGC/2019","KS","USA","1H","1H.8",18130,2019,"PV956606"
"PRRSV2/USA/KS/vivid.YQODRD/2017","KS","USA","1H","1H.8",17487,2017,"PV956952"
"PRRSV2/USA/OK/vivid.BGQMOU/2018","OK","USA","1H","1H.8",17843,2018,"PV956594"
"PRRSV2/USA/OK/vivid.KTNERY/2016","OK","USA","1H","1H.8",16983,2016,"PV957581"
"PRRSV2/USA/OK/vivid.FEWXLN/2018","OK","USA","1H","1H.8",17633,2018,"PV957813"
"PRRSV2/USA/OK/vivid.JHJYKL/2017","OK","USA","1H","1H.8",17394,2017,"PV958034"
"PRRSV2/USA/OK/vivid.AOCZHX/2017","OK","USA","1H","1H.8",17504,2017,"PV957753"
"PRRSV2/USA/vivid.MWXUHU/2020",NA,"USA","1C","1C.15",18297,2020,NA
"PRRSV2/USA/NC/vivid.YXRRPX/2016","NC","USA","1C","1C.14",17077,2016,"PV957061"
"PRRSV2/USA/NC/vivid.IRVOPB/2016","NC","USA","1C","1C.14",17077,2016,"PV956721"
"PRRSV2/USA/NC/vivid.XJOVCR/2016","NC","USA","1C","1C.14",17077,2016,"PV956282"
"PRRSV2/USA/NC/vivid.CDUHUP/2016","NC","USA","1C","1C.14",17077,2016,"PV957835"
"PRRSV2/USA/IL/vivid.VSRSFJ/2020","IL","USA","1H","1H.7",18502,2020,"PV957740"
"PRRSV2/USA/IL/vivid.CFUEJL/2021","IL","USA","1H","1H.7",18754,2021,"PV957088"
"USSPD/PRRSV/swine/Indiana/76602/2021",NA,"USA","1H","1H.7",18869,2021,NA
"USSPD/PRRSV/swine/Indiana/82534/2021",NA,"USA","1H","1H.7",18890,2021,NA
"PRRSV2/vivid.79993/2025/L1H/1H.7",NA,"USA","1H","1H.7",20143,2025,NA
"USA/WI/vivid.60594/2023","WI","USA","1H","1H.7",19368,2023,NA
"IN|vivid.81131|2024","IN","USA","1H","1H.7",19916,2024,NA
"USA/KS/vivid.VNRIQO/2019","KS","USA","1H","1H.7",18058,2019,NA
"PRRSV2/USA/IA/vivid.61462/2023","IA","USA","1C","1C.13",19423,2023,"PV956324"
"PRRSV2/USA/IA/vivid.KWDRRF/2018","IA","USA","1C","1C.13",17843,2018,"PV957477"
"PRRSV2/USA/MN/vivid.BDOUOU/2019","MN","USA","1C","1C.13",17962,2019,"PV956612"
"PRRSV2/vivid.PCXSZG/2018/L1C/1C.13",NA,"USA","1C","1C.13",17582,2018,NA
"PRRSV2/vivid.NRWDRQ/2018/L1C/1C.13",NA,"USA","1C","1C.13",17582,2018,NA
"PRRSV2/USA/NE/USSPD/PRRSV/swine/Nebraska/67621/2021/2021","NE","USA","1C","1C.13",18834,2021,"USSPD/PRRSV/swine/Nebraska/67621/2021"
"PRRSV2/USA/NE/USSPD/PRRSV/swine/Nebraska/109104/2021/2021","NE","USA","1C","1C.13",18974,2021,"USSPD/PRRSV/swine/Nebraska/109104/2021"
"PRRSV2/USA/WY/vivid.63039/2023","WY","USA","1C","1C.13",19605,2023,"PV956290"
"PRRSV2/USA/WY/vivid.61386/2023","WY","USA","1C","1C.13",19403,2023,"PV956539"
"PRRSV2/USA/IA/vivid.PKWFRZ/2017","IA","USA","1H","1H.6",17282,2017,"PV956798"
"PRRSV2/USA/IA/vivid.ZIIZVZ/2017","IA","USA","1H","1H.6",17282,2017,"PV957863"
"PRRSV2/USA/IA/vivid.KTGFMD/2018","IA","USA","1H","1H.6",17865,2018,"PV957225"
"PRRSV2/USA/MO/vivid.HYZWLZ/2018","MO","USA","1B","1B.14",17758,2018,"PV957430"
"PRRSV2/USA/MO/vivid.XTXRER/2018","MO","USA","1B","1B.14",17710,2018,"PV956752"
"PRRSV2/USA/MO/vivid.ZQQUYL/2018","MO","USA","1B","1B.14",17781,2018,"PV958004"
"PRRSV2/USA/IA/vivid.UFLKDP/2019","IA","USA","1H","1H.5",18213,2019,"PV957925"
"PRRSV2/USA/KS/vivid.BVVCUU/2016/L1H/1H.5","KS","USA","1H","1H.5",16813,2016,NA
"PRRSV2/USA/KS/vivid.QSGNEP/2019","KS","USA","1H","1H.5",18212,2019,"PV956895"
"USSPD/PRRSV/swine/Illinois/87868/2021","IL","USA","1H","1H.5",18905,2021,NA
"USSPD/PRRSV/swine/Colorado/111376/2021",NA,"USA","1H","1H.5",18982,2021,NA
"PRRSV2/USA/OK/vivid.57629/2022","OK","USA","1H","1H.5",19164,2022,"PV956347"
"USA/OK/vivid.74687/2022","OK","USA","1H","1H.5",19248,2022,NA
"OK|vivid.81286|2024","OK","USA","1H","1H.5",19941,2024,NA
"OK|vivid.81285|2024","OK","USA","1H","1H.5",19941,2024,NA
"IL_vivid.86440_2025","IL","USA","1E","1E.4",20453,2025,NA
"PRRSV2/USA/IL/vivid.63470/2023","IL","USA","1E","1E.4",19646,2023,"PV957065"
"PRRSV2/USA/MN/vivid.VXYKYT/2018","MN","USA","1E","1E.4",17689,2018,"PV957286"
"PRRSV2/vivid.CHDIWD/2016/L1E/1E.4",NA,"USA","1E","1E.4",17109,2016,NA
"PRRSV2/vivid.FWHMZE/2017/L1E/1E.4",NA,"USA","1E","1E.4",17379,2017,NA
"PRRSV2/vivid.KAMEMG/2017/L1E/1E.4",NA,"USA","1E","1E.4",17379,2017,NA
"PRRSV2/USA/IA/vivid.JUCCVV/2021","IA","USA","1H","1H.4",18677,2021,"PV956940"
"PRRSV2/USA/OK/vivid.PXBXWC/2019","OK","USA","1H","1H.4",18072,2019,"PV957085"
"PRRSV2/USA/OK/vivid.BIKCPJ/2018","OK","USA","1H","1H.4",17828,2018,"PV956440"
"PRRSV2/USA/OK/vivid.AAMGTX/2019","OK","USA","1H","1H.4",17940,2019,"PV957943"
"PRRSV2/USA/OK/vivid.GIPIWS/2019","OK","USA","1H","1H.4",18079,2019,"PV956824"
"PRRSV2/USA/OK/vivid.VBKCCJ/2019","OK","USA","1H","1H.4",17925,2019,"PV957565"
"PRRSV2/USA/OK/vivid.RHVTGD/2019","OK","USA","1H","1H.3",18149,2019,"PV957615"
"PRRSV2/USA/OK/vivid.NWJLTQ/2018","OK","USA","1H","1H.3",17828,2018,"PV956631"
"PRRSV2/USA/OK/vivid.XUOTWJ/2018","OK","USA","1H","1H.3",17765,2018,"PV956945"
"PRRSV2/USA/OK/vivid.YOKQEF/2019","OK","USA","1H","1H.3",18199,2019,"PV957283"
"PRRSV2/USA/OK/vivid.CBCDOF/2019","OK","USA","1H","1H.3",18093,2019,"PV957743"
"PRRSV2/USA/OK/vivid.RXTOVB/2019","OK","USA","1H","1H.3",17981,2019,"PV957747"
"PRRSV2/USA/OK/vivid.MQTXWJ/2019","OK","USA","1H","1H.3",18206,2019,"PV956766"
"PRRSV2/USA/OK/vivid.AWXPRJ/2019","OK","USA","1H","1H.3",18107,2019,"PV957007"
"PRRSV2/USA/OK/vivid.TGYGPU/2018","OK","USA","1H","1H.3",17821,2018,"PV957893"
"PRRSV2/USA/MN/vivid.YWBCVK/2020","MN","USA","1B","1B.13",18318,2020,"PV958065"
"PRRSV2/USA/MN/vivid.KZYIJX/2020","MN","USA","1B","1B.13",18421,2020,"PV957169"
"PRRSV2/USA/MN/vivid.LLVSLD/2020","MN","USA","1B","1B.13",18347,2020,"PV957944"
"PRRSV2/USA/MN/vivid.SWCPJR/2020","MN","USA","1B","1B.13",18394,2020,"PV956339"
"PRRSV2/vivid.WHTPLM/2015/L9C/9C.1",NA,"USA","9C","9C.1",16736,2015,NA
"PRRSV2/vivid.HMOJFD/2015/L9C/9C.1",NA,"USA","9C","9C.1",16736,2015,NA
"PRRSV2/vivid.QFTTLR/2015/L9C/9C.1",NA,"USA","9C","9C.1",16736,2015,NA
"PRRSV2/USA/NC/vivid.GQUEYM/2016","NC","USA","9C","9C.1",17157,2016,"PV956468"
"PRRSV2/USA/NC/vivid.PMXOEN/2015","NC","USA","9C","9C.1",16738,2015,"PV957706"
"PRRSV2/USA/NC/vivid.DYIEGZ/2015","NC","USA","9C","9C.1",16736,2015,"PV957079"
"PRRSV2/USA/NC/vivid.OESGWU/2017","NC","USA","9C","9C.1",17245,2017,"PV956760"
"CAN/vivid.4585/2020","CAN","CAN","8C","8C.1",18596,2020,NA
"PRRSV2/USA/IL/vivid.UKTIVC/2020","IL","USA","8C","8C.1",18508,2020,"PV956503"
"OR293884/USA/IA/6700-7/2017/2017/USA_IA/1-3-2/L8C","IA","USA","8C","8C.1",17332,2017,NA
"PRRSV2/USA/IL/OR293888/2017","IL","USA","8C","8C.1",17332,2017,"OR293888"
"OR293896/USA/IN/12793-1/2019/2019/USA_IN/1-4-2/L8C","IN","USA","8C","8C.1",18062,2019,NA
"PRRSV2/USA/NC/vivid.IVDPXP/2018","NC","USA","8C","8C.1",17760,2018,"PV956569"
"PRRSV2/USA/NE/vivid.AXZQSB/2018","NE","USA","8C","8C.1",17691,2018,"PV957268"
"USA/OK/vivid.HEGZBT/2018","OK","USA","8C","8C.1",17809,2018,NA
"CAN_QC|vivid.d6453|2024","CAN_QC","CAN","8C","8C.1",20028,2024,NA
"IA_vivid.88404_2026","IA","USA","8C","8C.1",20551,2026,NA
"PRRSV2/CAN/vivid.4076/2019","CAN","CAN","8A","8A.1",18156,2019,"PV957836"
"PRRSV2/CAN/vivid.2983/2016","CAN","CAN","8A","8A.1",16995,2016,NA
"PRRSV2/CAN/vivid.3549/2018","CAN","CAN","8A","8A.1",17668,2018,"PV957025"
"PRRSV2/USA/CO/vivid.NTRFPM/2021","CO","USA","8A","8A.1",18767,2021,"PV957356"
"PRRSV2/USA/IL/vivid.74646/2022","IL","USA","8A","8A.1",19214,2022,NA
"PRRSV2/USA/IL/vivid.74625/2022","IL","USA","8A","8A.1",19200,2022,"PV956554"
"PRRSV2/USA/OK/vivid.EXPAYG/2020","OK","USA","8A","8A.1",18565,2020,"PV956308"
"PRRSV2/USA/OK/vivid.HETSVI/2021","OK","USA","8A","8A.1",18765,2021,"PV956416"
"PRRSV2/USA/OK/vivid.52822/2021","OK","USA","8A","8A.1",18899,2021,NA
"CAN/vivid.3574/2018","CAN","CAN","8A","8A.1",17687,2018,NA
"PRRSV2/CAN/vivid.5112/2022","CAN","CAN","7","7.1",19018,2022,"PV956375"
"CAN/vivid.5766/2023","CAN","CAN","7","7.1",19517,2023,NA
"PRRSV2/USA/IA/OR293794/2015/L7/7.1","IA","USA","7","7.1",16601,2015,NA
"OR293821.1/USA/IA/105283_1/2021","IA","USA","7","7.1",18960,2021,NA
"PRRSV2/vivid.r118/2016","MN","USA","7","7.1",16930,2016,"PV957899"
"PRRSV2/vivid.r124/2019","MN","USA","7","7.1",18227,2019,"PV957226"
"OR293803/USA/MN/11065-53/2018/2018/USA_MN/1-4-4/L7","MN","USA","7","7.1",17697,2018,NA
"OR293820.1/USA/IL/65547_17/2021","IL","USA","7","7.1",18834,2021,NA
"OR293820/USA/IL/65547-17/2021/2021/USA_IL/1-4-4/L7","IL","USA","7","7.1",18793,2021,NA
"PRRSV2/USA/MI/OR293814/2020/L7/7.1","MI","USA","7","7.1",18428,2020,NA
"PRRSV2/USA/MI/OR293819/2021","MI","USA","7","7.1",18820,2021,"OR293819"
"USA/VA/vivid.GBGFXD/2017","VA","USA","7","7.1",17527,2017,NA
"PRRSV2/USA/VA/vivid.JMSPFT/2017","VA","USA","7","7.1",17527,2017,"PV957123"
"USA/IL/vivid.74636/2022","IL","USA","6","6.1",19207,2022,NA
"USA/IL/vivid.74634/2022","IL","USA","6","6.1",19207,2022,NA
"USA/IL/vivid.74630/2022","IL","USA","6","6.1",19207,2022,NA
"PRRSV2/vivid.AEJJVY/2018/L6/6.1",NA,"USA","6","6.1",17619,2018,NA
"PRRSV2/vivid.RDBERF/2017/L6/6.1",NA,"USA","6","6.1",17199,2017,NA
"PRRSV2/vivid.EVERYV/2017/L6/6.1",NA,"USA","6","6.1",17192,2017,NA
"PRRSV2/vivid.r119/2016","KS","USA","6","6.1",17149,2016,"PV956359"
"PRRSV2/vivid.r120/2017","KS","USA","6","6.1",17422,2017,"PV957443"
"PRRSV2/vivid.r117/2015","KS","USA","6","6.1",16510,2015,"PV956340"
"PRRSV2/USA/NE/vivid.FZVCBW/2017","NE","USA","6","6.1",17441,2017,"PV956442"
"USA/NE/vivid.JDNKND/2017","NE","USA","6","6.1",17442,2017,NA
"PRRSV2/USA/NE/vivid.LCVPXU/2017","NE","USA","6","6.1",17459,2017,"PV956827"
"CAN/vivid.2727/2016","CAN","CAN","5A","5A.1",16861,2016,NA
"PRRSV2/USA/IA/vivid.HHRRVP/2018","IA","USA","5A","5A.1",17686,2018,"PV957811"
"PRRSV2/USA/IL/vivid.OYXYPP/2019","IL","USA","5A","5A.1",18260,2019,"PV956861"
"PRRSV2/USA/MN/vivid.UHNPJN/2015","MN","USA","5A","5A.1",16722,2015,"PV956598"
"PRRSV2/vivid.ZAWVVH/2017/L5A/5A.1",NA,"USA","5A","5A.1",17260,2017,NA
"USSPD/PRRSV/swine/Iowa/109263/2021","IA","USA","5A","5A.1",18975,2021,NA
"PRRSV2/USA/OK/vivid.PBAIBN/2018","OK","USA","5A","5A.1",17765,2018,"PV957349"
"PRRSV2/USA/TX/vivid.EGZYGF/2019","TX","USA","5A","5A.1",17940,2019,"PV957140"
"OK|vivid.81343|2024","OK","USA","5A","5A.1",19947,2024,NA
"CAN_QC|vivid.d6513|2025","CAN_QC","CAN","5A","5A.1",20143,2025,NA
"NC_vivid.87237_2026","NC","USA","5A","5A.1",20497,2026,NA
"IL_vivid.88436_2026","IL","USA","5A","5A.1",20553,2026,NA
"MEX_Puebla_vivid.m389_2020","MEX_Puebla","MEX","5A","5A.1",18374,2020,NA
"IL_vivid.86839_2026","IL","USA","5A","5A.1",20474,2026,NA
"IA_vivid.88776_2026","IA","USA","5A","5A.1",20573,2026,NA
"PRRSV2/USA/KS/vivid.OIQJQJ/2016","KS","USA","1H","1H.1",17092,2016,"PV957500"
"PRRSV2/vivid.DPEZZJ/2021/L1H/1H.1",NA,"USA","1H","1H.1",18767,2021,NA
"PRRSV2/USA/OK/USSPD/PRRSV/swine/Oklahoma/108443/2021/2021/L1H/1H.1","OK","USA","1H","1H.1",18969,2021,NA
"PRRSV2/USA/OK/vivid.PGITYD/2021","OK","USA","1H","1H.1",18677,2021,"PV957628"
"PRRSV2/USA/OK/vivid.AQBGNF/2019","OK","USA","1H","1H.1",18012,2019,"PV956577"
"PRRSV2/USA/TX/vivid.TGORFD/2018","TX","USA","1H","1H.1",17603,2018,"PV957204"
"PRRSV2/USA/TX/vivid.VSIPQJ/2018","TX","USA","1H","1H.1",17884,2018,"PV956581"
"PRRSV2/USA/OR293648",NA,"USA","1E","1E.3",16967,2016,"OR293648"
"PRRSV2/USA/MZ304169",NA,"USA","1E","1E.3",16967,2016,"MZ304169"
"PRRSV2/USA/MZ304171",NA,"USA","1E","1E.3",17332,2017,"MZ304171"
"PRRSV2/USA/MZ304170",NA,"USA","1E","1E.3",17332,2017,"MZ304170"
"PRRSV2/USA/MZ304172",NA,"USA","1E","1E.3",17697,2018,"MZ304172"
"USA/IA/vivid.56975/2022","IA","USA","1E","1E.1",19104,2022,NA
"PRRSV2/USA/KS/vivid.58783/2022","KS","USA","1E","1E.1",19150,2022,NA
"PRRSV2/USA/KS/vivid.MBOMXM/2019","KS","USA","1E","1E.1",18219,2019,"PV957056"
"USSPD/PRRSV/swine/Colorado/110973/2021",NA,"USA","1E","1E.1",18978,2021,NA
"OK|vivid.81217|2024","OK","USA","1E","1E.1",19930,2024,NA
"OK|vivid.81328|2024","OK","USA","1E","1E.1",19942,2024,NA
"PRRSV2/USA/TX/vivid.58888/2022","TX","USA","1E","1E.1",19110,2022,"PV958070"
"PRRSV2/USA/TX/vivid.57127/2022","TX","USA","1E","1E.1",19110,2022,"PV957825"
"PRRSV2/USA/IA/vivid.YBBSHO/2017","IA","USA","1C","1C.10",17200,2017,"PV957670"
"USA/IA/vivid.MQDZCV/2015","IA","USA","1C","1C.9",16799,2015,NA
"PRRSV2/USA/IA/vivid.VAZMSI/2019","IA","USA","1C","1C.9",17899,2019,"PV957487"
"PRRSV2/USA/IL/vivid.IOMNLS/2018","IL","USA","1C","1C.9",17666,2018,"PV957197"
"PRRSV2/USA/IL/vivid.SSIZXC/2018","IL","USA","1C","1C.9",17764,2018,"PV956810"
"PRRSV2/USA/IL/vivid.FQSUPG/2019","IL","USA","1C","1C.9",18010,2019,"PV956961"
"PRRSV2/USA/MN/vivid.BMJKJW/2017","MN","USA","1C","1C.9",17325,2017,"PV956538"
"PRRSV2/vivid.OLRENL/2016/L1C/1C.9",NA,"USA","1C","1C.9",16881,2016,NA
"PRRSV2/vivid.XLFMTF/2017/L1C/1C.9",NA,"USA","1C","1C.9",17248,2017,NA
"PRRSV2/USA/IA/OR293594/2021","IA","USA","1C","1C.9",18984,2021,"OR293594"
"USA/SD/vivid.74805/2022","SD","USA","1C","1C.9",19310,2022,NA
"PRRSV2/USA/IA/vivid.UCNDQF/2020","IA","USA","1C","1C.8",18618,2020,"PV957171"
"PRRSV2/USA/MN/vivid.56936/2022","MN","USA","1C","1C.8",19100,2022,"PV956302"
"PRRSV2/USA/MN/vivid.MHCLSS/2019","MN","USA","1C","1C.8",18232,2019,"PV957387"
"PRRSV2/USA/MN/vivid.ZNWFLO/2019","MN","USA","1C","1C.8",18002,2019,"PV956451"
"PRRSV2/USA/MN/vivid.UVUAKC/2020","MN","USA","1C","1C.8",18554,2020,"PV957588"
"PRRSV2/USA/MN/vivid.62043/2023","MN","USA","1C","1C.8",19478,2023,"PV957694"
"PRRSV2/USA/MN/vivid.61967/2023","MN","USA","1C","1C.8",19474,2023,"PV956768"
"PRRSV2/USA/IA/vivid.AOUALC/2015","IA","USA","1C","1C.7",16750,2015,"PV957126"
"PRRSV2/USA/MN/vivid.LBPLBR/2016","MN","USA","1C","1C.7",17045,2016,"PV957580"
"PRRSV2/USA/MN/vivid.UZUAPH/2016","MN","USA","1C","1C.7",16828,2016,"PV956716"
"PRRSV2/USA/MN/vivid.ECZALI/2016","MN","USA","1C","1C.7",17029,2016,"PV956549"
"PRRSV2/USA/IA/vivid.74207/2021","IA","USA","1C","1C.3",18885,2021,"PV956685"
"PRRSV2/USA/MN/vivid.QPEQJT/2021","MN","USA","1C","1C.3",18740,2021,"PV956955"
"PRRSV2/USA/IA/USSPD/PRRSV/swine/Iowa/109030/2021/2021/L1C/1C.3","IA","USA","1C","1C.3",18975,2021,NA
"PRRSV2/USA/NC/vivid.MXFBOO/2016","NC","USA","1C","1C.3",17134,2016,"PV956355"
"PRRSV2/USA/NC/vivid.DPVDQE/2018","NC","USA","1C","1C.3",17814,2018,"PV957845"
"PRRSV2/USA/NC/vivid.ZJFLUD/2018","NC","USA","1C","1C.3",17815,2018,"PV957278"
"PRRSV2/vivid.XXKBKS/2017/L1C/1C.6",NA,"USA","1C","1C.6",17255,2017,NA
"PRRSV2/USA/NC/vivid.YCTJIU/2017","NC","USA","1C","1C.6",17435,2017,NA
"PRRSV2/USA/NC/vivid.FHVECS/2016","NC","USA","1C","1C.6",17039,2016,"PV957411"
"PRRSV2/USA/NC/vivid.KMLUVA/2018","NC","USA","1C","1C.6",17563,2018,"PV958005"
"PRRSV2/USA/OH/vivid.CBRSQG/2019","OH","USA","1C","1C.6",18038,2019,"PV957977"
"PRRSV2/USA/OH/vivid.KTKXCL/2020/L1C/1C.6","OH","USA","1C","1C.6",18338,2020,NA
"USSPD/PRRSV/swine/Iowa/104254/2021","IA","USA","1C","1C.5",18960,2021,NA
"USSPD/PRRSV/swine/Iowa/85519/2021","IA","USA","1C","1C.5",18893,2021,NA
"USSPD/PRRSV/swine/Iowa/61594/2021","IA","USA","1C","1C.5",18821,2021,NA
"USSPD/PRRSV/swine/Iowa/57758/2021","IA","USA","1C","1C.5",18814,2021,NA
"OR293567.1/USA/IA/97626_1/2021","IA","USA","1C","1C.5",18935,2021,NA
"PRRSV2/USA/IA/OR293559/2021","IA","USA","1C","1C.5",18824,2021,"OR293559"
"IA|vivid.80789|2024","IA","USA","1C","1C.5",19880,2024,NA
"USSPD/PRRSV/swine/Iowa/94669/2021","IA","USA","1C","1C.5",18928,2021,NA
"PRRSV2/USA/NC/vivid.BJGPIV/2016","NC","USA","1C","1C.1",17134,2016,"PV956658"
"PRRSV2/USA/NC/vivid.OCYTKY/2016","NC","USA","1C","1C.1",16825,2016,NA
"PRRSV2/USA/NC/vivid.RGWRKH/2016","NC","USA","1C","1C.1",16829,2016,"PV957685"
"PRRSV2/USA/NC/vivid.HQHUWH/2017","NC","USA","1C","1C.1",17275,2017,"PV958020"
"PRRSV2/USA/NC/vivid.WNLLYO/2016","NC","USA","1C","1C.1",16825,2016,"PV956934"
"PRRSV2/USA/MN/vivid.IWXQAQ/2016","MN","USA","1B","1B.9",16808,2016,"PV957961"
"PRRSV2/USA/MN/vivid.MYHFMD/2016","MN","USA","1B","1B.9",16819,2016,"PV957688"
"PRRSV2/USA/MN/vivid.MYRKRY/2015","MN","USA","1B","1B.8",16766,2015,"PV957590"
"PRRSV2/vivid.r159/2015","MN","USA","1B","1B.8",16692,2015,"PV956894"
"PRRSV2/vivid.r153/2015","MN","USA","1B","1B.8",16455,2015,"PV956481"
"PRRSV2/vivid.r155/2015","MN","USA","1B","1B.8",16471,2015,"PV956740"
"PRRSV2/vivid.r154/2015","MN","USA","1B","1B.8",16455,2015,"PV957293"
"PRRSV2/vivid.r164/2016","NE","USA","1B","1B.8",16918,2016,"PV957013"
"PRRSV2/vivid.r165/2016","MN","USA","1B","1B.7",17135,2016,"PV957176"
"PRRSV2/vivid.r163/2016","MN","USA","1B","1B.7",16863,2016,"PV956695"
"PRRSV2/USA/MN502461",NA,"USA","1B","1B.6",16601,2015,"MN502461"
"PRRSV2/USA/MN500323",NA,"USA","1B","1B.6",17332,2017,"MN500323"
"PRRSV2/USA/MN498879",NA,"USA","1B","1B.6",16967,2016,"MN498879"
"PRRSV2/USA/MN502217",NA,"USA","1B","1B.6",16967,2016,"MN502217"
"PRRSV2/USA/MN500877",NA,"USA","1B","1B.6",16967,2016,"MN500877"
"PRRSV2/USA/MN500807",NA,"USA","1B","1B.6",16967,2016,"MN500807"
"PRRSV2/USA/MN502466",NA,"USA","1B","1B.6",16601,2015,"MN502466"
"PRRSV2/USA/MN502467",NA,"USA","1B","1B.6",16967,2016,"MN502467"
"PRRSV2/USA/MN499011",NA,"USA","1B","1B.6",16967,2016,"MN499011"
"PRRSV2/USA/KT905359",NA,"USA","1B","1B.6",16601,2015,"KT905359"
"PRRSV2/USA/IA/vivid.TZNNNZ/2015","IA","USA","1B","1B.5",16728,2015,NA
"PRRSV2/USA/IA/vivid.KXUXHK/2020","IA","USA","1B","1B.5",18540,2020,NA
"PRRSV2/USA/MN/vivid.BWEKAW/2017","MN","USA","1B","1B.5",17303,2017,"PV956700"
"PRRSV2/USA/MN/vivid.AILHKC/2016","MN","USA","1B","1B.5",16974,2016,"PV957352"
"PRRSV2/USA/MN/vivid.JRBYRN/2016","MN","USA","1B","1B.5",16953,2016,"PV956560"
"PRRSV2/USA/IA/vivid.IUQJIL/2016","IA","USA","1B","1B.4",16811,2016,"PV956682"
"PRRSV2/USA/IA/vivid.LWPAFG/2015","IA","USA","1B","1B.4",16792,2015,"PV957492"
"PRRSV2/USA/MN/vivid.JGEWTE/2015","MN","USA","1B","1B.4",16736,2015,"PV957539"
"PRRSV2/USA/NC/OR293466/2016","NC","USA","1B","1B.3",16967,2016,"OR293466"
"PRRSV2/USA/NC/vivid.LNCHVQ/2015","NC","USA","1B","1B.3",16723,2015,"PV956836"
"PRRSV2/USA/NE/OR293463/2015","NE","USA","1B","1B.2",16601,2015,"OR293463"
"PRRSV2/USA/NE/vivid.ITIEZM/2015","NE","USA","1B","1B.2",16777,2015,"PV957231"
"PRRSV2/USA/NE/vivid.MEKOZF/2015","NE","USA","1B","1B.2",16721,2015,"PV957545"
"PRRSV2/USA/MN/vivid.KJUOVL/2016","MN","USA","1B","1B.1",16912,2016,"PV957284"
"PRRSV2/USA/MN/vivid.APYOCI/2015","MN","USA","1B","1B.1",16791,2015,"PV957440"
"PRRSV2/USA/MN/vivid.BPKTEY/2015","MN","USA","1B","1B.1",16715,2015,"PV957766"
"PRRSV2/vivid.r167/2017","MN","USA","1A","1A.1",17275,2017,"PV956840"
"PRRSV2/USA/NE/OR293463/2015","NE","USA","1B","1B.2",16601,2015,"OR293463"
"PRRSV2/USA/NE/vivid.ITIEZM/2015","NE","USA","1B","1B.2",16777,2015,"PV957231"
"PRRSV2/USA/NE/vivid.MEKOZF/2015","NE","USA","1B","1B.2",16721,2015,"PV957545"
"PRRSV2/USA/MN/vivid.KJUOVL/2016","MN","USA","1B","1B.1",16912,2016,"PV957284"
"PRRSV2/USA/MN/vivid.APYOCI/2015","MN","USA","1B","1B.1",16791,2015,"PV957440"
"PRRSV2/USA/MN/vivid.BPKTEY/2015","MN","USA","1B","1B.1",16715,2015,"PV957766"
"PRRSV2/vivid.r167/2017","MN","USA","1A","1A.1",17275,2017,"PV956840"
"USA/IA/vivid.r495/2021","IA","USA","1A","1A.60",18990,2021,NA
"USA/MN/vivid.r496/2022","MN","USA","1A","1A.60",19039,2022,NA
"USA/MN/vivid.r497/2022","MN","USA","1A","1A.60",19062,2022,NA
"USA/IA/vivid.r498/2022","IA","USA","1A","1A.60",19018,2022,NA
"USA/MN/vivid.r499/2022","MN","USA","1A","1A.60",19305,2022,NA
"USA/IA/vivid.r500/2022","IA","USA","1A","1A.60",18998,2022,NA
"USA/MN/vivid.r501/2022","MN","USA","1A","1A.60",19037,2022,NA
"USA/NC/vivid.r502/2017","NC","USA","1A","1A.60",17193,2017,NA
"USA/IA/vivid.r503/2023","IA","USA","1A","1A.60",19403,2023,NA
"USA/MN/vivid.r504/2022","MN","USA","1A","1A.60",19005,2022,NA
"USA/MN/vivid.r505/2023","MN","USA","1H","1H.48",19375,2023,NA
"USA/CO/vivid.r506/2023","CO","USA","1C","1C.2.39",19486,2023,NA
"USA/CO/vivid.r507/2023","CO","USA","1C","1C.2.39",19486,2023,NA
"USA/IA/vivid.r508/2023","IA","USA","1C","1C.5.38",19601,2023,NA
"USA/MN/vivid.r509/2023","MN","USA","1C","1C.5.34",19622,2023,NA
"USA/MN/vivid.r510/2023","MN","USA","1C","1C.5.34",19720,2023,NA
"USA/MN/vivid.r511/2022","MN","USA","1C","1C.5.33",19354,2022,NA
"USA/MN/vivid.r512/2022","MN","USA","1C","1C.5.33",19102,2022,NA
"USA/MN/vivid.r513/2022","MN","USA","1C","1C.5.33",19244,2022,NA
"USA/MN/vivid.r514/2022","MN","USA","1C","1C.5.33",19243,2022,NA
"USA/MN/vivid.r515/2023","MN","USA","1A","1A.2.52",19683,2023,NA
"USA/MN/vivid.r516/2023","MN","USA","1A","1A.2.52",19599,2023,NA
"USA/MN/vivid.r517/2023","MN","USA","1A","1A.2.52",19551,2023,NA
"USA/MN/vivid.r518/2021","MN","USA","1E","1E.1.7",18772,2021,NA
"USA/MN/vivid.r519/2022","MN","USA","1E","1E.1.7",19116,2022,NA
"USA/MN/vivid.r520/2021","MN","USA","1E","1E.1.7",18963,2021,NA
"USA/MN/vivid.r521/2023","MN","USA","1E","1E.1.7",19444,2023,NA
"USA/MN/vivid.r522/2022","MN","USA","1E","1E.1.7",19046,2022,NA
"USA/MN/vivid.r523/2021","MN","USA","1E","1E.1.7",18788,2021,NA
"USA/MN/vivid.r524/2021","MN","USA","1E","1E.1.7",18788,2021,NA
"USA/MN/vivid.r525/2021","MN","USA","1E","1E.1.7",18788,2021,NA
"USA/MN/vivid.r526/2022","MN","USA","1E","1E.1.7",19131,2022,NA
"USA/MN/vivid.r527/2021","MN","USA","1E","1E.1.7",18962,2021,NA
"USA/MN/vivid.r528/2023","MN","USA","1C","1C.25.30",19713,2023,NA
"USA/IA/vivid.r529/2022","IA","USA","1H","1H.9.34",19024,2022,NA
"USA/MN/vivid.r530/2019","MN","USA","1H","1H.9.34",18184,2019,NA
"USA/MN/vivid.r531/2021","MN","USA","1H","1H.9.34",18984,2021,NA
"USA/MN/vivid.r532/2021","MN","USA","1H","1H.9.33",18753,2021,NA
"USA/MN/vivid.r533/2022","MN","USA","1H","1H.9.33",19054,2022,NA
"USA/MN/vivid.r534/2022","MN","USA","1H","1H.9.33",19044,2022,NA
"USA/MN/vivid.r535/2022","MN","USA","1H","1H.9.33",19269,2022,NA
"USA/MN/vivid.r536/2021","MN","USA","1C","1C.3.27",18799,2021,NA
"USA/MN/vivid.r537/2021","MN","USA","1C","1C.3.27",18802,2021,NA
"USA/MN/vivid.r538/2022","MN","USA","1C","1C.3.27",19081,2022,NA
"USA/MN/vivid.r539/2022","MN","USA","1C","1C.3.27",19069,2022,NA
"USA/MN/vivid.r540/2022","MN","USA","1C","1C.3.27",19081,2022,NA
"USA/MN/vivid.r541/2023","MN","USA","1C","1C.3.25",19509,2023,NA
"USA/OK/vivid.r542/2022","OK","USA","1C","1C.2.24",19318,2022,NA
"USA/OK/vivid.r543/2022","OK","USA","1C","1C.2.24",19325,2022,NA
"USA/OK/vivid.r544/2023","OK","USA","1C","1C.2.24",19381,2023,NA
"USA/MN/vivid.r545/2023","MN","USA","1H","1H.31",19718,2023,NA
"USA/MN/vivid.r546/2022","MN","USA","1A","1A.41",19257,2022,NA
"USA/OH/vivid.r547/2020","OH","USA","1A","1A.39",18282,2020,NA
"USA/NE/vivid.r548/2019","NE","USA","1A","1A.39",18037,2019,NA
"USA/MN/vivid.r549/2018","MN","USA","1A","1A.38",17661,2018,NA
"USA/MN/vivid.r550/2019","MN","USA","1A","1A.38",18145,2019,NA
"USA/MN/vivid.r551/2019","MN","USA","1A","1A.38",18029,2019,NA
"USA/MN/vivid.r552/2019","MN","USA","1A","1A.38",17900,2019,NA
"USA/MN/vivid.r553/2019","MN","USA","1A","1A.38",18022,2019,NA
"USA/MN/vivid.r554/2019","MN","USA","1A","1A.38",18215,2019,NA
"USA/OK/vivid.r555/2020","OK","USA","1H","1H.28",18291,2020,NA
"USA/MN/vivid.r556/2019","MN","USA","1A","1A.35",18102,2019,NA
"USA/KS/vivid.r561/2019","KS","USA","1H","1H.26",18240,2019,NA
"USA/MN/vivid.r562/2020","MN","USA","1H","1H.25",18409,2020,NA
"USA/IA/vivid.r563/2020","IA","USA","1H","1H.25",18411,2020,NA
"USA/IA/vivid.r564/2020","IA","USA","1H","1H.25",18444,2020,NA
"USA/IA/vivid.r565/2020","IA","USA","1H","1H.25",18424,2020,NA
"USA/NE/vivid.r566/2020","NE","USA","1A","1A.30",18522,2020,NA
"USA/NE/vivid.r567/2018","NE","USA","1A","1A.30",17613,2018,NA
"USA/NE/vivid.r568/2018","NE","USA","1A","1A.30",17570,2018,NA
"USA/NE/vivid.r569/2019","NE","USA","1A","1A.30",17941,2019,NA
"USA/MN/vivid.r570/2021","MN","USA","1B","1B.17",18739,2021,NA
"USA/IA/vivid.r571/2021","IA","USA","1B","1B.17",18739,2021,NA
"USA/MN/vivid.r572/2020","MN","USA","1C","1C.21",18521,2020,NA
"USA/MN/vivid.r573/2022","MN","USA","1C","1C.21",19207,2022,NA
"USA/MN/vivid.r574/2020","MN","USA","1C","1C.21",18584,2020,NA
"USA/MN/vivid.r575/2021","MN","USA","1C","1C.21",18676,2021,NA
"USA/MN/vivid.r576/2020","MN","USA","1C","1C.21",18568,2020,NA
"USA/MN/vivid.r577/2022","MN","USA","1C","1C.21",19207,2022,NA
"USA/MN/vivid.r578/2019","MN","USA","1A","1A.29",17984,2019,NA
"USA/IA/vivid.r579/2021","IA","USA","1A","1A.29",18750,2021,NA
"USA/SD/vivid.r580/2020","SD","USA","1A","1A.29",18564,2020,NA
"USA/MN/vivid.r581/2018","MN","USA","1A","1A.29",17841,2018,NA
"USA/MN/vivid.r582/2020","MN","USA","1H","1H.23",18393,2020,NA
"USA/IL/vivid.r583/2015","IL","USA","1H","1H.23",16707,2015,NA
"USA/NE/vivid.r584/2017","NE","USA","1A","1A.26",17207,2017,NA
"USA/NE/vivid.r585/2016","NE","USA","1A","1A.26",17155,2016,NA
"USA/NE/vivid.r586/2020","NE","USA","1A","1A.26",18376,2020,NA
"USA/NE/vivid.r587/2018","NE","USA","1A","1A.26",17570,2018,NA
"USA/NE/vivid.r588/2020","NE","USA","1A","1A.26",18417,2020,NA
"USA/NE/vivid.r589/2017","NE","USA","1A","1A.26",17206,2017,NA
"USA/IL/vivid.r590/2020","IL","USA","1A","1A.25",18507,2020,NA
"USA/IL/vivid.r591/2020","IL","USA","1A","1A.25",18291,2020,NA
"USA/MN/vivid.r592/2021","MN","USA","1A","1A.23",18786,2021,NA
"USA/MN/vivid.r593/2019","MN","USA","1A","1A.20",17960,2019,NA
"USA/MN/vivid.r594/2019","MN","USA","1A","1A.20",17960,2019,NA
"USA/MN/vivid.r595/2018","MN","USA","1A","1A.20",17835,2018,NA
"USA/MN/vivid.r596/2019","MN","USA","1A","1A.20",17924,2019,NA
"USA/IA/vivid.r598/2018","IA","USA","1H","1H.19",17722,2018,NA
"USA/MN/vivid.r599/2023","MN","USA","1A","1A.13",19698,2023,NA
"USA/MN/vivid.r600/2021","MN","USA","1A","1A.9",18649,2021,NA
"USA/MN/vivid.r601/2021","MN","USA","1A","1A.9",18635,2021,NA
"USA/MN/vivid.r602/2019","MN","USA","1A","1A.9",18022,2019,NA
"USA/MN/vivid.r603/2020","MN","USA","1H","1H.17",18264,2020,NA
"USA/MN/vivid.r604/2020","MN","USA","1A","1A.7",18450,2020,NA
"USA/MN/vivid.r605/2021","MN","USA","1A","1A.7",18732,2021,NA
"USA/MN/vivid.r606/2021","MN","USA","1A","1A.7",18633,2021,NA
"USA/MN/vivid.r607/2021","MN","USA","1A","1A.7",18739,2021,NA
"USA/MN/vivid.r608/2019","MN","USA","1C","1C.18",18187,2019,NA
"USA/MN/vivid.r609/2018","MN","USA","1C","1C.18",17856,2018,NA
"USA/MN/vivid.r610/2019","MN","USA","1C","1C.18",17991,2019,NA
"USA/MN/vivid.r611/2020","MN","USA","1C","1C.18",18297,2020,NA
"USA/MN/vivid.r612/2018","MN","USA","1C","1C.18",17856,2018,NA
"USA/MN/vivid.r613/2018","MN","USA","1C","1C.18",17835,2018,NA
"USA/OH/vivid.r614/2018","OH","USA","1A","1A.6",17878,2018,NA
"USA/OH/vivid.r615/2018","OH","USA","1A","1A.6",17878,2018,NA
"USA/MN/vivid.r622/2016","MN","USA","1H","1H.15",16854,2016,NA
"USA/OK/vivid.r623/2015","OK","USA","1H","1H.14",16633,2015,NA
"USA/OK/vivid.r624/2017","OK","USA","1H","1H.14",17277,2017,NA
"USA/OK/vivid.r625/2015","OK","USA","1H","1H.14",16472,2015,NA
"USA/OK/vivid.r626/2018","OK","USA","1H","1H.14",17759,2018,NA
"USA/OK/vivid.r627/2018","OK","USA","1H","1H.14",17654,2018,NA
"USA/OK/vivid.r628/2016","OK","USA","1H","1H.14",16854,2016,NA
"USA/OK/vivid.r629/2018","OK","USA","1H","1H.14",17639,2018,NA
"USA/MN/vivid.r630/2015","MN","USA","1C","1C.17",16525,2015,NA
"USA/IA/vivid.r631/2015","IA","USA","1C","1C.17",16723,2015,NA
"USA/MN/vivid.r632/2015","MN","USA","1C","1C.17",16511,2015,NA
"USA/MN/vivid.r633/2016","MN","USA","1C","1C.17",16863,2016,NA
"USA/MN/vivid.r634/2015","MN","USA","1C","1C.17",16471,2015,NA
"USA/TX/vivid.r636/2018","TX","USA","1H","1H.12",17647,2018,NA
"USA/TX/vivid.r637/2023","TX","USA","1H","1H.12",19384,2023,NA
"USA/TX/vivid.r638/2021","TX","USA","1H","1H.12",18682,2021,NA
"USA/OK/vivid.r639/2019","OK","USA","1H","1H.11",18045,2019,NA
"USA/OK/vivid.r640/2020","OK","USA","1H","1H.11",18268,2020,NA
"USA/OK/vivid.r641/2019","OK","USA","1H","1H.11",17903,2019,NA
"USA/OK/vivid.r642/2018","OK","USA","1H","1H.11",17885,2018,NA
"USA/OK/vivid.r643/2019","OK","USA","1H","1H.11",18233,2019,NA
"USA/OK/vivid.r644/2019","OK","USA","1H","1H.11",18254,2019,NA
"USA/OK/vivid.r645/2022","OK","USA","1H","1H.11",19326,2022,NA
"USA/OK/vivid.r646/2019","OK","USA","1H","1H.11",18254,2019,NA
"USA/OK/vivid.r647/2022","OK","USA","1H","1H.11",19004,2022,NA
"USA/OK/vivid.r648/2016","OK","USA","1H","1H.8",16871,2016,NA
"USA/OK/vivid.r649/2018","OK","USA","1H","1H.8",17694,2018,NA
"USA/MN/vivid.r650/2018","MN","USA","1C","1C.15",17610,2018,NA
"USA/MN/vivid.r651/2017","MN","USA","1C","1C.15",17248,2017,NA
"USA/MN/vivid.r652/2017","MN","USA","1C","1C.15",17256,2017,NA
"USA/MN/vivid.r653/2018","MN","USA","1C","1C.15",17610,2018,NA
"USA/MN/vivid.r654/2017","MN","USA","1C","1C.15",17406,2017,NA
"USA/MN/vivid.r655/2016","MN","USA","1C","1C.15",17025,2016,NA
"USA/KS/vivid.r656/2018","KS","USA","1H","1H.7",17654,2018,NA
"USA/OK/vivid.r657/2018","OK","USA","1H","1H.7",17885,2018,NA
"USA/MN/vivid.r658/2019","MN","USA","1H","1H.6",18204,2019,NA
"USA/MN/vivid.r659/2017","MN","USA","1H","1H.6",17282,2017,NA
"USA/MN/vivid.r660/2019","MN","USA","1H","1H.6",17996,2019,NA
"USA/MN/vivid.r661/2017","MN","USA","1H","1H.6",17487,2017,NA
"USA/MN/vivid.r662/2017","MN","USA","1H","1H.6",17472,2017,NA
"USA/MN/vivid.r663/2017","MN","USA","1H","1H.6",17291,2017,NA
"USA/OK/vivid.r664/2023","OK","USA","1H","1H.5",19384,2023,NA
"USA/NE/vivid.r665/2015","NE","USA","1E","1E.4",16785,2015,NA
"USA/NE/vivid.r666/2015","NE","USA","1E","1E.4",16729,2015,NA
"USA/MN/vivid.r667/2019","MN","USA","1B","1B.13",18137,2019,NA
"USA/MN/vivid.r668/2018","MN","USA","1B","1B.13",17856,2018,NA
"USA/MN/vivid.r669/2020","MN","USA","1B","1B.13",18347,2020,NA
"USA/MN/vivid.r670/2018","MN","USA","1B","1B.13",17856,2018,NA
"USA/MN/vivid.r671/2020","MN","USA","1B","1B.13",18421,2020,NA
"USA/OK/vivid.r673/2016","OK","USA","1H","1H.1",17092,2016,NA
"USA/NE/vivid.r674/2019","NE","USA","1E","1E.3",17974,2019,NA
"USA/NE/vivid.r675/2018","NE","USA","1E","1E.3",17676,2018,NA
"USA/NE/vivid.r676/2019","NE","USA","1E","1E.3",18142,2019,NA
"USA/MN/vivid.r677/2018","MN","USA","1E","1E.3",17856,2018,NA
"USA/MN/vivid.r678/2016","MN","USA","1E","1E.3",17002,2016,NA
"USA/TX/vivid.r679/2015","TX","USA","1E","1E.1",16518,2015,NA
"USA/MN/vivid.r680/2017","MN","USA","1E","1E.1",17245,2017,NA
"USA/MN/vivid.r681/2015","MN","USA","1C","1C.10",16787,2015,NA
"USA/MN/vivid.r682/2015","MN","USA","1C","1C.10",16497,2015,NA
"USA/MN/vivid.r683/2015","MN","USA","1C","1C.10",16582,2015,NA
"USA/MN/vivid.r684/2015","MN","USA","1C","1C.10",16559,2015,NA
"USA/MN/vivid.r685/2017","MN","USA","1C","1C.10",17234,2017,NA
"USA/MN/vivid.r686/2017","MN","USA","1C","1C.8",17338,2017,NA
"USA/MN/vivid.r687/2020","MN","USA","1C","1C.8",18431,2020,NA
"USA/MN/vivid.r688/2019","MN","USA","1C","1C.8",18019,2019,NA
"USA/MN/vivid.r689/2016","MN","USA","1C","1C.7",17045,2016,NA
"USA/MN/vivid.r690/2016","MN","USA","1C","1C.7",16990,2016,NA
"USA/MN/vivid.r691/2015","MN","USA","1C","1C.7",16491,2015,NA
"USA/MN/vivid.r692/2015","MN","USA","1C","1C.7",16759,2015,NA
"USA/MN/vivid.r693/2015","MN","USA","1C","1C.7",16471,2015,NA
"USA/MN/vivid.r694/2017","MN","USA","1C","1C.3",17436,2017,NA
"USA/MN/vivid.r695/2016","MN","USA","1C","1C.3",16966,2016,NA
"USA/MN/vivid.r696/2018","MN","USA","1C","1C.3",17717,2018,NA
"USA/MN/vivid.r697/2017","MN","USA","1C","1C.6",17322,2017,NA
"USA/MN/vivid.r698/2020","MN","USA","1C","1C.5",18417,2020,NA
"USA/MN/vivid.r699/2021","MN","USA","1C","1C.5",18955,2021,NA
"USA/NC/vivid.r700/2017","NC","USA","1C","1C.1",17200,2017,NA
"USA/MN/vivid.r701/2017","MN","USA","1B","1B.9",17452,2017,NA
"USA/MN/vivid.r702/2017","MN","USA","1B","1B.9",17452,2017,NA
"USA/MN/vivid.r703/2016","MN","USA","1B","1B.8",16856,2016,NA
"USA/MN/vivid.r704/2015","MN","USA","1B","1B.8",16616,2015,NA
"USA/MN/vivid.r705/2015","MN","USA","1B","1B.8",16511,2015,NA
"USA/MN/vivid.r706/2016","MN","USA","1B","1B.8",17072,2016,NA
"USA/MN/vivid.r707/2019","MN","USA","1B","1B.5",18058,2019,NA
"USA/MN/vivid.r708/2015","MN","USA","1B","1B.5",16471,2015,NA
"USA/MN/vivid.r709/2015","MN","USA","1B","1B.5",16728,2015,NA
"USA/MN/vivid.r710/2016","MN","USA","1B","1B.5",17112,2016,NA
"USA/MN/vivid.r711/2015","MN","USA","1B","1B.4",16736,2015,NA
"USA/MN/vivid.r712/2016","MN","USA","1B","1B.4",16952,2016,NA
"USA/MN/vivid.r713/2016","MN","USA","1B","1B.4",17002,2016,NA
"USA/MN/vivid.r714/2015","MN","USA","1B","1B.4",16489,2015,NA
"USA/MN/vivid.r715/2017","MN","USA","1B","1B.4",17247,2017,NA
"USA/MN/vivid.r716/2015","MN","USA","1B","1B.4",16476,2015,NA
"USA/MN/vivid.r717/2015","MN","USA","1B","1B.4",16476,2015,NA
"USA/SC/vivid.r718/2016","SC","USA","1B","1B.3",16897,2016,NA
"USA/SC/vivid.r719/2015","SC","USA","1B","1B.3",16730,2015,NA
"USA/SC/vivid.r720/2015","SC","USA","1B","1B.3",16778,2015,NA
"USA/IA/vivid.r721/2016","IA","USA","1B","1B.2",16962,2016,NA
"USA/NE/vivid.r722/2016","NE","USA","1B","1B.2",16982,2016,NA
"USA/MN/vivid.r723/2015","MN","USA","1B","1B.2",16647,2015,NA
"USA/NE/vivid.r724/2016","NE","USA","1B","1B.2",16975,2016,NA
"USA/MN/vivid.r725/2017","MN","USA","1B","1B.1",17344,2017,NA
"USA/MN/vivid.r726/2016","MN","USA","1B","1B.1",17002,2016,NA
"USA/MN/vivid.r727/2016","MN","USA","1B","1B.1",17116,2016,NA
"USA/MN/vivid.r728/2016","MN","USA","1B","1B.1",17106,2016,NA
"USA/MN/vivid.r729/2017","MN","USA","1B","1B.1",17211,2017,NA
"USA/MN/vivid.r730/2017","MN","USA","1B","1B.1",17330,2017,NA
"USA/MN/vivid.r731/2018","MN","USA","1A","1A.1",17659,2018,NA
"USA/MN/vivid.r732/2017","MN","USA","1A","1A.1",17382,2017,NA
"USA/MN/vivid.r733/2017","MN","USA","1A","1A.1",17519,2017,NA
"USA/MN/vivid.r734/2018","MN","USA","1A","1A.1",17637,2018,NA
"USA/MN/vivid.r735/2017","MN","USA","1A","1A.1",17275,2017,NA
